image,epoch,step,reconstructed_image,total_loss,reconstruction_mse,mean_energy,mean_order_parameter,order_parameter_susceptibility,mean_abs_order_parameter,mean_transverse_order_parameter,mean_total_lattice_correlation
monalisa.jpg,0,0,/home/adminpc/Desktop/HVK/Script/Hamiltonian_Vision_Kernel/Main2/outputs/training_analysis/phase_transition_frames/epoch_0000.png,0.0809532031416893,0.08109508454799652,-0.02570025622844696,-0.06113281100988388,0.0,0.0658576637506485,0.05103612691164017,-0.11449772119522095
monalisa.jpg,1,1,/home/adminpc/Desktop/HVK/Script/Hamiltonian_Vision_Kernel/Main2/outputs/training_analysis/phase_transition_frames/epoch_0001.png,0.07644113153219223,0.07669813185930252,-0.03641550987958908,-0.07291854172945023,0.011785730719566345,0.07386742532253265,0.05604695528745651,-0.10979638993740082
monalisa.jpg,2,2,/home/adminpc/Desktop/HVK/Script/Hamiltonian_Vision_Kernel/Main2/outputs/training_analysis/phase_transition_frames/epoch_0002.png,0.0686860978603363,0.06905025243759155,-0.04639969766139984,-0.08535782992839813,0.012439288198947906,0.08535782992839813,0.06085098162293434,-0.10554375499486923
monalisa.jpg,3,3,/home/adminpc/Desktop/HVK/Script/Hamiltonian_Vision_Kernel/Main2/outputs/training_analysis/phase_transition_frames/epoch_0003.png,0.056682925671339035,0.05714692175388336,-0.05601400136947632,-0.0951991081237793,0.009841278195381165,0.0951991081237793,0.06523416191339493,-0.10221840441226959
monalisa.jpg,4,4,/home/adminpc/Desktop/HVK/Script/Hamiltonian_Vision_Kernel/Main2/outputs/training_analysis/phase_transition_frames/epoch_0004.png,0.04311361163854599,0.04367375001311302,-0.06548993289470673,-0.10301654040813446,0.007817432284355164,0.10301654040813446,0.06828336417675018,-0.09963138401508331
monalisa.jpg,5,5,/home/adminpc/Desktop/HVK/Script/Hamiltonian_Vision_Kernel/Main2/outputs/training_analysis/phase_transition_frames/epoch_0005.png,0.03587412089109421,0.036529019474983215,-0.07438419759273529,-0.10931524634361267,0.0062987059354782104,0.10931524634361267,0.06974688172340393,-0.09656177461147308
monalisa.jpg,6,6,/home/adminpc/Desktop/HVK/Script/Hamiltonian_Vision_Kernel/Main2/outputs/training_analysis/phase_transition_frames/epoch_0006.png,0.038626521825790405,0.03937036544084549,-0.08140825480222702,-0.11384646594524384,0.0045312196016311646,0.11384646594524384,0.07016880810260773,-0.09243640303611755
monalisa.jpg,7,7,/home/adminpc/Desktop/HVK/Script/Hamiltonian_Vision_Kernel/Main2/outputs/training_analysis/phase_transition_frames/epoch_0007.png,0.039233509451150894,0.04004759341478348,-0.0862748846411705,-0.11746565997600555,0.0036191940307617188,0.11746565997600555,0.06956188380718231,-0.08691857755184174
monalisa.jpg,8,8,/home/adminpc/Desktop/HVK/Script/Hamiltonian_Vision_Kernel/Main2/outputs/training_analysis/phase_transition_frames/epoch_0008.png,0.034404054284095764,0.035266801714897156,-0.0891033336520195,-0.12064844369888306,0.0031827837228775024,0.12064844369888306,0.06831516325473785,-0.08033820241689682
monalisa.jpg,9,9,/home/adminpc/Desktop/HVK/Script/Hamiltonian_Vision_Kernel/Main2/outputs/training_analysis/phase_transition_frames/epoch_0009.png,0.028633521869778633,0.029524555429816246,-0.09047127515077591,-0.1235385462641716,0.0028901025652885437,0.1235385462641716,0.0667971596121788,-0.07361990213394165
monalisa.jpg,10,10,/home/adminpc/Desktop/HVK/Script/Hamiltonian_Vision_Kernel/Main2/outputs/training_analysis/phase_transition_frames/epoch_0010.png,0.02501024678349495,0.025914959609508514,-0.09138454496860504,-0.12598027288913727,0.0024417266249656677,0.12598027288913727,0.0653497502207756,-0.06771989166736603
monalisa.jpg,11,11,/home/adminpc/Desktop/HVK/Script/Hamiltonian_Vision_Kernel/Main2/outputs/training_analysis/phase_transition_frames/epoch_0011.png,0.02388511598110199,0.024798961356282234,-0.09273435175418854,-0.1281866729259491,0.0022064000368118286,0.1281866729259491,0.06421677768230438,-0.0628342553973198
monalisa.jpg,12,12,/home/adminpc/Desktop/HVK/Script/Hamiltonian_Vision_Kernel/Main2/outputs/training_analysis/phase_transition_frames/epoch_0012.png,0.023882117122411728,0.02480946108698845,-0.09489370882511139,-0.13060030341148376,0.002413630485534668,0.13060030341148376,0.06358589231967926,-0.05856623500585556
monalisa.jpg,13,13,/home/adminpc/Desktop/HVK/Script/Hamiltonian_Vision_Kernel/Main2/outputs/training_analysis/phase_transition_frames/epoch_0013.png,0.023528823629021645,0.0244777612388134,-0.09785199910402298,-0.13321943581104279,0.002619132399559021,0.13321943581104279,0.06334085017442703,-0.05471094697713852
monalisa.jpg,14,14,/home/adminpc/Desktop/HVK/Script/Hamiltonian_Vision_Kernel/Main2/outputs/training_analysis/phase_transition_frames/epoch_0014.png,0.022280560806393623,0.023259080946445465,-0.10161943733692169,-0.13584201037883759,0.0026225745677948,0.13584201037883759,0.06350982934236526,-0.05128046125173569
monalisa.jpg,15,15,/home/adminpc/Desktop/HVK/Script/Hamiltonian_Vision_Kernel/Main2/outputs/training_analysis/phase_transition_frames/epoch_0015.png,0.020487284287810326,0.021503478288650513,-0.10609611868858337,-0.1382729560136795,0.002430945634841919,0.1382729560136795,0.06398123502731323,-0.04835481196641922
monalisa.jpg,16,16,/home/adminpc/Desktop/HVK/Script/Hamiltonian_Vision_Kernel/Main2/outputs/training_analysis/phase_transition_frames/epoch_0016.png,0.018627436831593513,0.019688397645950317,-0.11118437349796295,-0.14037714898586273,0.0021041929721832275,0.14037714898586273,0.06465370208024979,-0.04604769125580788
monalisa.jpg,17,17,/home/adminpc/Desktop/HVK/Script/Hamiltonian_Vision_Kernel/Main2/outputs/training_analysis/phase_transition_frames/epoch_0017.png,0.0174503643065691,0.018562208861112595,-0.11666933447122574,-0.1419844925403595,0.0016073435544967651,0.1419844925403595,0.06533795595169067,-0.044488172978162766
monalisa.jpg,18,18,/home/adminpc/Desktop/HVK/Script/Hamiltonian_Vision_Kernel/Main2/outputs/training_analysis/phase_transition_frames/epoch_0018.png,0.01709468849003315,0.01826138235628605,-0.12219268828630447,-0.14321592450141907,0.0012314319610595703,0.14321592450141907,0.06583640724420547,-0.04348139464855194
monalisa.jpg,19,19,/home/adminpc/Desktop/HVK/Script/Hamiltonian_Vision_Kernel/Main2/outputs/training_analysis/phase_transition_frames/epoch_0019.png,0.01718243397772312,0.018404360860586166,-0.12751449644565582,-0.14417387545108795,0.0009579509496688843,0.14417387545108795,0.06608222424983978,-0.04277363419532776
monalisa.jpg,20,20,/home/adminpc/Desktop/HVK/Script/Hamiltonian_Vision_Kernel/Main2/outputs/training_analysis/phase_transition_frames/epoch_0020.png,0.01702914386987686,0.018304288387298584,-0.13253122568130493,-0.1448960155248642,0.0007221400737762451,0.1448960155248642,0.06612016260623932,-0.04227088764309883
monalisa.jpg,21,21,/home/adminpc/Desktop/HVK/Script/Hamiltonian_Vision_Kernel/Main2/outputs/training_analysis/phase_transition_frames/epoch_0021.png,0.01651645079255104,0.01784176379442215,-0.13726842403411865,-0.1455099731683731,0.0006139576435089111,0.1455099731683731,0.06613236665725708,-0.041830532252788544
monalisa.jpg,22,22,/home/adminpc/Desktop/HVK/Script/Hamiltonian_Vision_Kernel/Main2/outputs/training_analysis/phase_transition_frames/epoch_0022.png,0.0156587902456522,0.01703147403895855,-0.14190824329853058,-0.14600074291229248,0.0004907697439193726,0.14600074291229248,0.06633232533931732,-0.04157291352748871
monalisa.jpg,23,23,/home/adminpc/Desktop/HVK/Script/Hamiltonian_Vision_Kernel/Main2/outputs/training_analysis/phase_transition_frames/epoch_0023.png,0.014834724366664886,0.01625380665063858,-0.14671027660369873,-0.1462012529373169,0.00020051002502441406,0.1462012529373169,0.06697884947061539,-0.041751451790332794
monalisa.jpg,24,24,/home/adminpc/Desktop/HVK/Script/Hamiltonian_Vision_Kernel/Main2/outputs/training_analysis/phase_transition_frames/epoch_0024.png,0.01415092684328556,0.015618029981851578,-0.15187117457389832,-0.14620152115821838,2.682209014892578e-07,0.14620152115821838,0.0680997371673584,-0.04232112318277359
monalisa.jpg,25,25,/home/adminpc/Desktop/HVK/Script/Hamiltonian_Vision_Kernel/Main2/outputs/training_analysis/phase_transition_frames/epoch_0025.png,0.013582026585936546,0.015100738033652306,-0.1575806885957718,-0.1459854543209076,0.00021606683731079102,0.1459854543209076,0.06965719908475876,-0.043252598494291306
monalisa.jpg,26,26,/home/adminpc/Desktop/HVK/Script/Hamiltonian_Vision_Kernel/Main2/outputs/training_analysis/phase_transition_frames/epoch_0026.png,0.012962011620402336,0.014537818729877472,-0.16393592953681946,-0.1456562578678131,0.0003291964530944824,0.1456562578678131,0.07161514461040497,-0.04443497210741043
monalisa.jpg,27,27,/home/adminpc/Desktop/HVK/Script/Hamiltonian_Vision_Kernel/Main2/outputs/training_analysis/phase_transition_frames/epoch_0027.png,0.012194951996207237,0.013834311626851559,-0.17091768980026245,-0.1453392505645752,0.00031700730323791504,0.1453392505645752,0.07383938133716583,-0.04572485014796257
monalisa.jpg,28,28,/home/adminpc/Desktop/HVK/Script/Hamiltonian_Vision_Kernel/Main2/outputs/training_analysis/phase_transition_frames/epoch_0028.png,0.011323121376335621,0.013032298535108566,-0.1784590184688568,-0.14505717158317566,0.00028207898139953613,0.14505717158317566,0.0760527104139328,-0.04703179746866226
monalisa.jpg,29,29,/home/adminpc/Desktop/HVK/Script/Hamiltonian_Vision_Kernel/Main2/outputs/training_analysis/phase_transition_frames/epoch_0029.png,0.010411257855594158,0.012195847928524017,-0.18637651205062866,-0.14488585293293,0.0001713186502456665,0.14488585293293,0.0780947357416153,-0.04825429990887642
monalisa.jpg,30,30,/home/adminpc/Desktop/HVK/Script/Hamiltonian_Vision_Kernel/Main2/outputs/training_analysis/phase_transition_frames/epoch_0030.png,0.00966139417141676,0.011525159701704979,-0.19450965523719788,-0.14482425153255463,6.160140037536621e-05,0.14482425153255463,0.07982741296291351,-0.04936999827623367
monalisa.jpg,31,31,/home/adminpc/Desktop/HVK/Script/Hamiltonian_Vision_Kernel/Main2/outputs/training_analysis/phase_transition_frames/epoch_0031.png,0.009017211385071278,0.010962308384478092,-0.20277777314186096,-0.14489108324050903,6.683170795440674e-05,0.14489108324050903,0.08109671622514725,-0.050389256328344345
monalisa.jpg,32,32,/home/adminpc/Desktop/HVK/Script/Hamiltonian_Vision_Kernel/Main2/outputs/training_analysis/phase_transition_frames/epoch_0032.png,0.008411409333348274,0.010439187288284302,-0.21110433340072632,-0.14514106512069702,0.0002499818801879883,0.14514106512069702,0.0818290263414383,-0.05131326988339424
monalisa.jpg,33,33,/home/adminpc/Desktop/HVK/Script/Hamiltonian_Vision_Kernel/Main2/outputs/training_analysis/phase_transition_frames/epoch_0033.png,0.007701084483414888,0.0098121277987957,-0.2194765955209732,-0.14557646214962006,0.00043539702892303467,0.14557646214962006,0.08201579749584198,-0.052140578627586365
monalisa.jpg,34,34,/home/adminpc/Desktop/HVK/Script/Hamiltonian_Vision_Kernel/Main2/outputs/training_analysis/phase_transition_frames/epoch_0034.png,0.006937338039278984,0.009132103994488716,-0.22797538340091705,-0.1461292803287506,0.0005528181791305542,0.1461292803287506,0.08177453279495239,-0.0528876930475235
monalisa.jpg,35,35,/home/adminpc/Desktop/HVK/Script/Hamiltonian_Vision_Kernel/Main2/outputs/training_analysis/phase_transition_frames/epoch_0035.png,0.006189165636897087,0.008468919433653355,-0.2367224246263504,-0.1467493325471878,0.0006200522184371948,0.1467493325471878,0.08134867995977402,-0.05355384945869446
monalisa.jpg,36,36,/home/adminpc/Desktop/HVK/Script/Hamiltonian_Vision_Kernel/Main2/outputs/training_analysis/phase_transition_frames/epoch_0036.png,0.005589204374700785,0.007956428453326225,-0.24583637714385986,-0.1473717987537384,0.0006224662065505981,0.1473717987537384,0.08089382946491241,-0.05418512970209122
monalisa.jpg,37,37,/home/adminpc/Desktop/HVK/Script/Hamiltonian_Vision_Kernel/Main2/outputs/training_analysis/phase_transition_frames/epoch_0037.png,0.004990218207240105,0.007448581978678703,-0.2554466724395752,-0.14797742664813995,0.0006056278944015503,0.14797742664813995,0.08050964027643204,-0.05485164374113083
monalisa.jpg,38,38,/home/adminpc/Desktop/HVK/Script/Hamiltonian_Vision_Kernel/Main2/outputs/training_analysis/phase_transition_frames/epoch_0038.png,0.004418074153363705,0.006972540635615587,-0.2656629979610443,-0.14852562546730042,0.0005481988191604614,0.14852562546730042,0.08020229637622833,-0.0556214340031147
monalisa.jpg,39,39,/home/adminpc/Desktop/HVK/Script/Hamiltonian_Vision_Kernel/Main2/outputs/training_analysis/phase_transition_frames/epoch_0039.png,0.003796547884121537,0.0064531778916716576,-0.27651917934417725,-0.1490241438150406,0.0004985183477401733,0.1490241438150406,0.07985640317201614,-0.056558992713689804
monalisa.jpg,40,40,/home/adminpc/Desktop/HVK/Script/Hamiltonian_Vision_Kernel/Main2/outputs/training_analysis/phase_transition_frames/epoch_0040.png,0.003297144314274192,0.006062336266040802,-0.288057804107666,-0.14950552582740784,0.00048138201236724854,0.14950552582740784,0.07933983206748962,-0.057724982500076294
monalisa.jpg,41,41,/home/adminpc/Desktop/HVK/Script/Hamiltonian_Vision_Kernel/Main2/outputs/training_analysis/phase_transition_frames/epoch_0041.png,0.0028598420321941376,0.005740419961512089,-0.3002449870109558,-0.15002362430095673,0.0005180984735488892,0.15002362430095673,0.07856114208698273,-0.059145525097846985
monalisa.jpg,42,42,/home/adminpc/Desktop/HVK/Script/Hamiltonian_Vision_Kernel/Main2/outputs/training_analysis/phase_transition_frames/epoch_0042.png,0.0024486342445015907,0.005451084114611149,-0.31315791606903076,-0.15060606598854065,0.0005824416875839233,0.15060606598854065,0.07748572528362274,-0.0608113557100296
monalisa.jpg,43,43,/home/adminpc/Desktop/HVK/Script/Hamiltonian_Vision_Kernel/Main2/outputs/training_analysis/phase_transition_frames/epoch_0043.png,0.0020189513452351093,0.005150530021637678,-0.32683780789375305,-0.15120983123779297,0.0006037652492523193,0.15120983123779297,0.07620656490325928,-0.06269923597574234
monalisa.jpg,44,44,/home/adminpc/Desktop/HVK/Script/Hamiltonian_Vision_Kernel/Main2/outputs/training_analysis/phase_transition_frames/epoch_0044.png,0.0016096446197479963,0.004878022707998753,-0.34137362241744995,-0.15183663368225098,0.0006268024444580078,0.15183663368225098,0.07484140992164612,-0.06471085548400879
monalisa.jpg,45,45,/home/adminpc/Desktop/HVK/Script/Hamiltonian_Vision_Kernel/Main2/outputs/training_analysis/phase_transition_frames/epoch_0045.png,0.0012387942988425493,0.004652530420571566,-0.3568931519985199,-0.15248025953769684,0.0006436258554458618,0.15248025953769684,0.07357658445835114,-0.06676121056079865
monalisa.jpg,46,46,/home/adminpc/Desktop/HVK/Script/Hamiltonian_Vision_Kernel/Main2/outputs/training_analysis/phase_transition_frames/epoch_0046.png,0.0008690804243087769,0.004438011907041073,-0.37338000535964966,-0.15313991904258728,0.0006596595048904419,0.15313991904258728,0.07258714735507965,-0.0687675029039383
monalisa.jpg,47,47,/home/adminpc/Desktop/HVK/Script/Hamiltonian_Vision_Kernel/Main2/outputs/training_analysis/phase_transition_frames/epoch_0047.png,0.0004801570903509855,0.004213957116007805,-0.39066171646118164,-0.15387041866779327,0.0007304996252059937,0.15387041866779327,0.07191608101129532,-0.07065938413143158
monalisa.jpg,48,48,/home/adminpc/Desktop/HVK/Script/Hamiltonian_Vision_Kernel/Main2/outputs/training_analysis/phase_transition_frames/epoch_0048.png,7.290719076991081e-05,0.003979524131864309,-0.4086619019508362,-0.15464401245117188,0.0007735937833786011,0.15464401245117188,0.0715377926826477,-0.07248716056346893
monalisa.jpg,49,49,/home/adminpc/Desktop/HVK/Script/Hamiltonian_Vision_Kernel/Main2/outputs/training_analysis/phase_transition_frames/epoch_0049.png,-0.0003187321126461029,0.0037678866647183895,-0.4272700548171997,-0.15554407238960266,0.0009000599384307861,0.15554407238960266,0.07137374579906464,-0.07423946261405945
monalisa.jpg,50,50,/home/adminpc/Desktop/HVK/Script/Hamiltonian_Vision_Kernel/Main2/outputs/training_analysis/phase_transition_frames/epoch_0050.png,-0.0006825360469520092,0.003590164240449667,-0.44639134407043457,-0.15658743679523468,0.001043364405632019,0.15658743679523468,0.07127533853054047,-0.07594026625156403
monalisa.jpg,51,51,/home/adminpc/Desktop/HVK/Script/Hamiltonian_Vision_Kernel/Main2/outputs/training_analysis/phase_transition_frames/epoch_0051.png,-0.0010270753409713507,0.0034368380438536406,-0.46598851680755615,-0.15772736072540283,0.0011399239301681519,0.15772736072540283,0.07118570804595947,-0.0776185542345047
monalisa.jpg,52,52,/home/adminpc/Desktop/HVK/Script/Hamiltonian_Vision_Kernel/Main2/outputs/training_analysis/phase_transition_frames/epoch_0052.png,-0.0013889302499592304,0.003270955290645361,-0.48622697591781616,-0.1588444709777832,0.001117110252380371,0.1588444709777832,0.0710732713341713,-0.07935553044080734
monalisa.jpg,53,53,/home/adminpc/Desktop/HVK/Script/Hamiltonian_Vision_Kernel/Main2/outputs/training_analysis/phase_transition_frames/epoch_0053.png,-0.0017247360665351152,0.003137533785775304,-0.5071933269500732,-0.15992802381515503,0.0010835528373718262,0.15992802381515503,0.07097988575696945,-0.08109202235937119
monalisa.jpg,54,54,/home/adminpc/Desktop/HVK/Script/Hamiltonian_Vision_Kernel/Main2/outputs/training_analysis/phase_transition_frames/epoch_0054.png,-0.0020424833055585623,0.003029450075700879,-0.5286416411399841,-0.16088899970054626,0.0009609758853912354,0.16088899970054626,0.07100745290517807,-0.08280237764120102
monalisa.jpg,55,55,/home/adminpc/Desktop/HVK/Script/Hamiltonian_Vision_Kernel/Main2/outputs/training_analysis/phase_transition_frames/epoch_0055.png,-0.002395014511421323,0.0028914024587720633,-0.5504955053329468,-0.1616680920124054,0.0007790923118591309,0.1616680920124054,0.0711449682712555,-0.08453697711229324
monalisa.jpg,56,56,/home/adminpc/Desktop/HVK/Script/Hamiltonian_Vision_Kernel/Main2/outputs/training_analysis/phase_transition_frames/epoch_0056.png,-0.002748002763837576,0.0027569527737796307,-0.5725321769714355,-0.1624366194009781,0.0007685273885726929,0.1624366194009781,0.07125779241323471,-0.08623901754617691
monalisa.jpg,57,57,/home/adminpc/Desktop/HVK/Script/Hamiltonian_Vision_Kernel/Main2/outputs/training_analysis/phase_transition_frames/epoch_0057.png,-0.0031240670941770077,0.0026012547314167023,-0.5949002504348755,-0.16317152976989746,0.0007349103689193726,0.16317152976989746,0.07122749835252762,-0.08799155056476593
monalisa.jpg,58,58,/home/adminpc/Desktop/HVK/Script/Hamiltonian_Vision_Kernel/Main2/outputs/training_analysis/phase_transition_frames/epoch_0058.png,-0.003483712673187256,0.0024652895517647266,-0.6175706386566162,-0.16391445696353912,0.0007429271936416626,0.16391445696353912,0.071037158370018,-0.08977767825126648
monalisa.jpg,59,59,/home/adminpc/Desktop/HVK/Script/Hamiltonian_Vision_Kernel/Main2/outputs/training_analysis/phase_transition_frames/epoch_0059.png,-0.00385347125120461,0.0023222353775054216,-0.6406912207603455,-0.1646263301372528,0.0007118731737136841,0.1646263301372528,0.07062132656574249,-0.09169168770313263
monalisa.jpg,60,60,/home/adminpc/Desktop/HVK/Script/Hamiltonian_Vision_Kernel/Main2/outputs/training_analysis/phase_transition_frames/epoch_0060.png,-0.0042039803229272366,0.002202932257205248,-0.6644232273101807,-0.165231853723526,0.0006055235862731934,0.165231853723526,0.06999669224023819,-0.09377940744161606
monalisa.jpg,61,61,/home/adminpc/Desktop/HVK/Script/Hamiltonian_Vision_Kernel/Main2/outputs/training_analysis/phase_transition_frames/epoch_0061.png,-0.004573025740683079,0.0020712066907435656,-0.6889280080795288,-0.16568335890769958,0.000451505184173584,0.16568335890769958,0.06918219476938248,-0.09605547785758972
monalisa.jpg,62,62,/home/adminpc/Desktop/HVK/Script/Hamiltonian_Vision_Kernel/Main2/outputs/training_analysis/phase_transition_frames/epoch_0062.png,-0.004933900199830532,0.001955380430445075,-0.7143529653549194,-0.1659359633922577,0.00025260448455810547,0.1659359633922577,0.06819923222064972,-0.09857603907585144
monalisa.jpg,63,63,/home/adminpc/Desktop/HVK/Script/Hamiltonian_Vision_Kernel/Main2/outputs/training_analysis/phase_transition_frames/epoch_0063.png,-0.005292672663927078,0.001850857399404049,-0.7406566143035889,-0.16602948307991028,9.351968765258789e-05,0.16602948307991028,0.0671624094247818,-0.10130912810564041
monalisa.jpg,64,64,/home/adminpc/Desktop/HVK/Script/Hamiltonian_Vision_Kernel/Main2/outputs/training_analysis/phase_transition_frames/epoch_0064.png,-0.00564915593713522,0.0017574093071743846,-0.7677689790725708,-0.1661311388015747,0.00010165572166442871,0.1661311388015747,0.06605955958366394,-0.10416704416275024
monalisa.jpg,65,65,/home/adminpc/Desktop/HVK/Script/Hamiltonian_Vision_Kernel/Main2/outputs/training_analysis/phase_transition_frames/epoch_0065.png,-0.005998934619128704,0.0016787548083811998,-0.7954533100128174,-0.1663440465927124,0.0002129077911376953,0.1663440465927124,0.06491225957870483,-0.10705719143152237
monalisa.jpg,66,66,/home/adminpc/Desktop/HVK/Script/Hamiltonian_Vision_Kernel/Main2/outputs/training_analysis/phase_transition_frames/epoch_0066.png,-0.0063607413321733475,0.001593792112544179,-0.8237184882164001,-0.1666526347398758,0.0003085881471633911,0.1666526347398758,0.06367792189121246,-0.10999567061662674
monalisa.jpg,67,67,/home/adminpc/Desktop/HVK/Script/Hamiltonian_Vision_Kernel/Main2/outputs/training_analysis/phase_transition_frames/epoch_0067.png,-0.006719690747559071,0.0015174939762800932,-0.8525397181510925,-0.1668817102909088,0.00022907555103302002,0.1668817102909088,0.06242937594652176,-0.1129743829369545
monalisa.jpg,68,68,/home/adminpc/Desktop/HVK/Script/Hamiltonian_Vision_Kernel/Main2/outputs/training_analysis/phase_transition_frames/epoch_0068.png,-0.007064455188810825,0.0014609417412430048,-0.8819360733032227,-0.1668885052204132,6.794929504394531e-06,0.1668885052204132,0.061167385429143906,-0.11601588129997253
monalisa.jpg,69,69,/home/adminpc/Desktop/HVK/Script/Hamiltonian_Vision_Kernel/Main2/outputs/training_analysis/phase_transition_frames/epoch_0069.png,-0.0074259936809539795,0.0013933666050434113,-0.9117148518562317,-0.166899636387825,1.11311674118042e-05,0.166899636387825,0.05989556759595871,-0.11901243031024933
monalisa.jpg,70,70,/home/adminpc/Desktop/HVK/Script/Hamiltonian_Vision_Kernel/Main2/outputs/training_analysis/phase_transition_frames/epoch_0070.png,-0.0077811782248318195,0.0013359697768464684,-0.9419372081756592,-0.1671278327703476,0.000228196382522583,0.1671278327703476,0.05854395404458046,-0.12190832197666168
monalisa.jpg,71,71,/home/adminpc/Desktop/HVK/Script/Hamiltonian_Vision_Kernel/Main2/outputs/training_analysis/phase_transition_frames/epoch_0071.png,-0.008140201680362225,0.0012791708577424288,-0.9730826020240784,-0.16750547289848328,0.00037764012813568115,0.16750547289848328,0.05702134221792221,-0.12480819970369339
monalisa.jpg,72,72,/home/adminpc/Desktop/HVK/Script/Hamiltonian_Vision_Kernel/Main2/outputs/training_analysis/phase_transition_frames/epoch_0072.png,-0.008506053127348423,0.0012247718404978514,-1.004836082458496,-0.16795596480369568,0.00045049190521240234,0.16795596480369568,0.055544689297676086,-0.12768030166625977
monalisa.jpg,73,73,/home/adminpc/Desktop/HVK/Script/Hamiltonian_Vision_Kernel/Main2/outputs/training_analysis/phase_transition_frames/epoch_0073.png,-0.008866994641721249,0.0011813656892627478,-1.0375263690948486,-0.1683640331029892,0.00040806829929351807,0.1683640331029892,0.0540565587580204,-0.13058939576148987
monalisa.jpg,74,74,/home/adminpc/Desktop/HVK/Script/Hamiltonian_Vision_Kernel/Main2/outputs/training_analysis/phase_transition_frames/epoch_0074.png,-0.00922674685716629,0.0011485150316730142,-1.0707242488861084,-0.1688796877861023,0.0005156546831130981,0.1688796877861023,0.05243371054530144,-0.13334709405899048
monalisa.jpg,75,75,/home/adminpc/Desktop/HVK/Script/Hamiltonian_Vision_Kernel/Main2/outputs/training_analysis/phase_transition_frames/epoch_0075.png,-0.009613830596208572,0.0010934113524854183,-1.1042484045028687,-0.16971200704574585,0.0008323192596435547,0.16971200704574585,0.050757184624671936,-0.13588133454322815
monalisa.jpg,76,76,/home/adminpc/Desktop/HVK/Script/Hamiltonian_Vision_Kernel/Main2/outputs/training_analysis/phase_transition_frames/epoch_0076.png,-0.010005972348153591,0.0010365124326199293,-1.13836669921875,-0.17069116234779358,0.0009791553020477295,0.17069116234779358,0.048947758972644806,-0.13837768137454987
monalisa.jpg,77,77,/home/adminpc/Desktop/HVK/Script/Hamiltonian_Vision_Kernel/Main2/outputs/training_analysis/phase_transition_frames/epoch_0077.png,-0.010376494377851486,0.0010071720462292433,-1.1731524467468262,-0.17192065715789795,0.0012294948101043701,0.17192065715789795,0.04711702838540077,-0.1408163160085678
monalisa.jpg,78,78,/home/adminpc/Desktop/HVK/Script/Hamiltonian_Vision_Kernel/Main2/outputs/training_analysis/phase_transition_frames/epoch_0078.png,-0.010765149258077145,0.0009663737728260458,-1.208922266960144,-0.1732701063156128,0.0013494491577148438,0.1732701063156128,0.04516353830695152,-0.14323896169662476
monalisa.jpg,79,79,/home/adminpc/Desktop/HVK/Script/Hamiltonian_Vision_Kernel/Main2/outputs/training_analysis/phase_transition_frames/epoch_0079.png,-0.011165575124323368,0.0009236485348083079,-1.2454793453216553,-0.17486925423145294,0.001599147915840149,0.17486925423145294,0.043052613735198975,-0.1455155611038208
monalisa.jpg,80,80,/home/adminpc/Desktop/HVK/Script/Hamiltonian_Vision_Kernel/Main2/outputs/training_analysis/phase_transition_frames/epoch_0080.png,-0.011548946611583233,0.0009058466530404985,-1.282560110092163,-0.17676584422588348,0.001896589994430542,0.17676584422588348,0.040803149342536926,-0.1475265622138977
monalisa.jpg,81,81,/home/adminpc/Desktop/HVK/Script/Hamiltonian_Vision_Kernel/Main2/outputs/training_analysis/phase_transition_frames/epoch_0081.png,-0.011955726891756058,0.0008698739111423492,-1.3203768730163574,-0.1786009669303894,0.0018351227045059204,0.1786009669303894,0.0383896678686142,-0.14941459894180298
monalisa.jpg,82,82,/home/adminpc/Desktop/HVK/Script/Hamiltonian_Vision_Kernel/Main2/outputs/training_analysis/phase_transition_frames/epoch_0082.png,-0.012367643415927887,0.0008361260406672955,-1.3590234518051147,-0.18054096400737762,0.0019399970769882202,0.18054096400737762,0.03603169322013855,-0.15115711092948914
monalisa.jpg,83,83,/home/adminpc/Desktop/HVK/Script/Hamiltonian_Vision_Kernel/Main2/outputs/training_analysis/phase_transition_frames/epoch_0083.png,-0.01278101559728384,0.0008092188509181142,-1.3982858657836914,-0.1828271448612213,0.002286180853843689,0.1828271448612213,0.03372007980942726,-0.1527063101530075
monalisa.jpg,84,84,/home/adminpc/Desktop/HVK/Script/Hamiltonian_Vision_Kernel/Main2/outputs/training_analysis/phase_transition_frames/epoch_0084.png,-0.013197535648941994,0.0007853230927139521,-1.4380671977996826,-0.18546101450920105,0.0026338696479797363,0.18546101450920105,0.03148294985294342,-0.1540338099002838
monalisa.jpg,85,85,/home/adminpc/Desktop/HVK/Script/Hamiltonian_Vision_Kernel/Main2/outputs/training_analysis/phase_transition_frames/epoch_0085.png,-0.013596899807453156,0.00078377197496593,-1.4782381057739258,-0.18848669528961182,0.0030256807804107666,0.18848669528961182,0.02913752757012844,-0.15508770942687988
monalisa.jpg,86,86,/home/adminpc/Desktop/HVK/Script/Hamiltonian_Vision_Kernel/Main2/outputs/training_analysis/phase_transition_frames/epoch_0086.png,-0.014037557877600193,0.0007448222022503614,-1.5192501544952393,-0.1917220652103424,0.003235369920730591,0.1917220652103424,0.026724183931946754,-0.1559445559978485
monalisa.jpg,87,87,/home/adminpc/Desktop/HVK/Script/Hamiltonian_Vision_Kernel/Main2/outputs/training_analysis/phase_transition_frames/epoch_0087.png,-0.014486344531178474,0.0007061559590511024,-1.5611326694488525,-0.19503790140151978,0.003315836191177368,0.19503790140151978,0.024305105209350586,-0.15668055415153503
monalisa.jpg,88,88,/home/adminpc/Desktop/HVK/Script/Hamiltonian_Vision_Kernel/Main2/outputs/training_analysis/phase_transition_frames/epoch_0088.png,-0.014916571788489819,0.0006947541260160506,-1.6039361953735352,-0.19854529201984406,0.00350739061832428,0.19854529201984406,0.02186558023095131,-0.1572437286376953
monalisa.jpg,89,89,/home/adminpc/Desktop/HVK/Script/Hamiltonian_Vision_Kernel/Main2/outputs/training_analysis/phase_transition_frames/epoch_0089.png,-0.015362340956926346,0.0006770215113647282,-1.647718906402588,-0.20202124118804932,0.0034759491682052612,0.20202124118804932,0.019325271248817444,-0.15776030719280243
monalisa.jpg,90,90,/home/adminpc/Desktop/HVK/Script/Hamiltonian_Vision_Kernel/Main2/outputs/training_analysis/phase_transition_frames/epoch_0090.png,-0.015815524384379387,0.0006616635946556926,-1.6919341087341309,-0.20558129251003265,0.0035600513219833374,0.20558129251003265,0.016905207186937332,-0.1580924689769745
monalisa.jpg,91,91,/home/adminpc/Desktop/HVK/Script/Hamiltonian_Vision_Kernel/Main2/outputs/training_analysis/phase_transition_frames/epoch_0091.png,-0.016266396269202232,0.0006529446691274643,-1.7370271682739258,-0.20919722318649292,0.003615930676460266,0.20919722318649292,0.014454074203968048,-0.15830683708190918
monalisa.jpg,92,92,/home/adminpc/Desktop/HVK/Script/Hamiltonian_Vision_Kernel/Main2/outputs/training_analysis/phase_transition_frames/epoch_0092.png,-0.01673598773777485,0.0006342833512462676,-1.7822892665863037,-0.21305912733078003,0.0038619041442871094,0.21305912733078003,0.012027578428387642,-0.15824243426322937
monalisa.jpg,93,93,/home/adminpc/Desktop/HVK/Script/Hamiltonian_Vision_Kernel/Main2/outputs/training_analysis/phase_transition_frames/epoch_0093.png,-0.017211297526955605,0.0006115940632298589,-1.8291637897491455,-0.21724185347557068,0.004182726144790649,0.21724185347557068,0.009659186005592346,-0.15809601545333862
monalisa.jpg,94,94,/home/adminpc/Desktop/HVK/Script/Hamiltonian_Vision_Kernel/Main2/outputs/training_analysis/phase_transition_frames/epoch_0094.png,-0.01768355816602707,0.0006080786697566509,-1.8772006034851074,-0.22139687836170197,0.004155024886131287,0.22139687836170197,0.00713511323556304,-0.15790925920009613
monalisa.jpg,95,95,/home/adminpc/Desktop/HVK/Script/Hamiltonian_Vision_Kernel/Main2/outputs/training_analysis/phase_transition_frames/epoch_0095.png,-0.018160192295908928,0.0006118136225268245,-1.924860954284668,-0.2254944145679474,0.004097536206245422,0.2254944145679474,0.0042786672711372375,-0.15753057599067688
monalisa.jpg,96,96,/home/adminpc/Desktop/HVK/Script/Hamiltonian_Vision_Kernel/Main2/outputs/training_analysis/phase_transition_frames/epoch_0096.png,-0.018658921122550964,0.0005896887741982937,-1.9735565185546875,-0.22977221012115479,0.0042777955532073975,0.22977221012115479,0.0014173509553074837,-0.15715248882770538
monalisa.jpg,97,97,/home/adminpc/Desktop/HVK/Script/Hamiltonian_Vision_Kernel/Main2/outputs/training_analysis/phase_transition_frames/epoch_0097.png,-0.01916283182799816,0.0005727332318201661,-2.0238146781921387,-0.2339809536933899,0.004208743572235107,0.2339809536933899,-0.0016153561882674694,-0.15686053037643433
monalisa.jpg,98,98,/home/adminpc/Desktop/HVK/Script/Hamiltonian_Vision_Kernel/Main2/outputs/training_analysis/phase_transition_frames/epoch_0098.png,-0.019673224538564682,0.0005649218801409006,-2.074352741241455,-0.2384338527917862,0.004452899098396301,0.2384338527917862,-0.0042800381779670715,-0.15643911063671112
monalisa.jpg,99,99,/home/adminpc/Desktop/HVK/Script/Hamiltonian_Vision_Kernel/Main2/outputs/training_analysis/phase_transition_frames/epoch_0099.png,-0.02018304169178009,0.0005604828475043178,-2.125340461730957,-0.24256862699985504,0.004134774208068848,0.24256862699985504,-0.007071434985846281,-0.15596333146095276
monalisa.jpg,100,100,/home/adminpc/Desktop/HVK/Script/Hamiltonian_Vision_Kernel/Main2/outputs/training_analysis/phase_transition_frames/epoch_0100.png,-0.02067548967897892,0.0005779129569418728,-2.1758718490600586,-0.2465331107378006,0.003964483737945557,0.2465331107378006,-0.009761856868863106,-0.15535052120685577
monalisa.jpg,101,101,/home/adminpc/Desktop/HVK/Script/Hamiltonian_Vision_Kernel/Main2/outputs/training_analysis/phase_transition_frames/epoch_0101.png,-0.021208899095654488,0.0005498187383636832,-2.2274422645568848,-0.250108540058136,0.003575429320335388,0.250108540058136,-0.012898596003651619,-0.15485593676567078
monalisa.jpg,102,102,/home/adminpc/Desktop/HVK/Script/Hamiltonian_Vision_Kernel/Main2/outputs/training_analysis/phase_transition_frames/epoch_0102.png,-0.021755985915660858,0.0005184329347684979,-2.2805299758911133,-0.25403672456741333,0.003928184509277344,0.25403672456741333,-0.015758486464619637,-0.15437600016593933
monalisa.jpg,103,103,/home/adminpc/Desktop/HVK/Script/Hamiltonian_Vision_Kernel/Main2/outputs/training_analysis/phase_transition_frames/epoch_0103.png,-0.02232182025909424,0.0004834790888708085,-2.3357129096984863,-0.25825750827789307,0.004220783710479736,0.25825750827789307,-0.018354011699557304,-0.15400388836860657
monalisa.jpg,104,104,/home/adminpc/Desktop/HVK/Script/Hamiltonian_Vision_Kernel/Main2/outputs/training_analysis/phase_transition_frames/epoch_0104.png,-0.02283364348113537,0.0005234842537902296,-2.391129493713379,-0.2622046172618866,0.00394710898399353,0.2622046172618866,-0.020907888188958168,-0.15361613035202026
monalisa.jpg,105,105,/home/adminpc/Desktop/HVK/Script/Hamiltonian_Vision_Kernel/Main2/outputs/training_analysis/phase_transition_frames/epoch_0105.png,-0.023375889286398888,0.0005354035529308021,-2.4461889266967773,-0.2661922574043274,0.003987640142440796,0.2661922574043274,-0.02290347032248974,-0.15321533381938934
monalisa.jpg,106,106,/home/adminpc/Desktop/HVK/Script/Hamiltonian_Vision_Kernel/Main2/outputs/training_analysis/phase_transition_frames/epoch_0106.png,-0.023942667990922928,0.0005192187963984907,-2.5014898777008057,-0.269639253616333,0.0034469962120056152,0.269639253616333,-0.025363124907016754,-0.15286308526992798
monalisa.jpg,107,107,/home/adminpc/Desktop/HVK/Script/Hamiltonian_Vision_Kernel/Main2/outputs/training_analysis/phase_transition_frames/epoch_0107.png,-0.02451062761247158,0.0005042707780376077,-2.557011604309082,-0.27286496758461,0.0032257139682769775,0.27286496758461,-0.027990439906716347,-0.15260398387908936
monalisa.jpg,108,108,/home/adminpc/Desktop/HVK/Script/Hamiltonian_Vision_Kernel/Main2/outputs/training_analysis/phase_transition_frames/epoch_0108.png,-0.025103772059082985,0.000466342200525105,-2.6125168800354004,-0.2758775055408478,0.003012537956237793,0.2758775055408478,-0.03079777956008911,-0.1523633897304535
monalisa.jpg,109,109,/home/adminpc/Desktop/HVK/Script/Hamiltonian_Vision_Kernel/Main2/outputs/training_analysis/phase_transition_frames/epoch_0109.png,-0.02566961944103241,0.000455547240562737,-2.6687779426574707,-0.2787652015686035,0.0028876960277557373,0.2787652015686035,-0.03333066403865814,-0.15218204259872437
monalisa.jpg,110,110,/home/adminpc/Desktop/HVK/Script/Hamiltonian_Vision_Kernel/Main2/outputs/training_analysis/phase_transition_frames/epoch_0110.png,-0.026234297081828117,0.00045348017010837793,-2.7267205715179443,-0.28176409006118774,0.0029988884925842285,0.28176409006118774,-0.0351298563182354,-0.1521797925233841
monalisa.jpg,111,111,/home/adminpc/Desktop/HVK/Script/Hamiltonian_Vision_Kernel/Main2/outputs/training_analysis/phase_transition_frames/epoch_0111.png,-0.026837510988116264,0.0004296972183510661,-2.7849667072296143,-0.28467559814453125,0.002911508083343506,0.28467559814453125,-0.03638814017176628,-0.15223923325538635
monalisa.jpg,112,112,/home/adminpc/Desktop/HVK/Script/Hamiltonian_Vision_Kernel/Main2/outputs/training_analysis/phase_transition_frames/epoch_0112.png,-0.027390094473958015,0.0004595725331455469,-2.8427019119262695,-0.2873160243034363,0.0026404261589050293,0.2873160243034363,-0.0378757119178772,-0.15224723517894745
monalisa.jpg,113,113,/home/adminpc/Desktop/HVK/Script/Hamiltonian_Vision_Kernel/Main2/outputs/training_analysis/phase_transition_frames/epoch_0113.png,-0.027933647856116295,0.0004933697637170553,-2.900040626525879,-0.28988003730773926,0.0025640130043029785,0.28988003730773926,-0.03905976563692093,-0.15223711729049683
monalisa.jpg,114,114,/home/adminpc/Desktop/HVK/Script/Hamiltonian_Vision_Kernel/Main2/outputs/training_analysis/phase_transition_frames/epoch_0114.png,-0.028545504435896873,0.0004548995057120919,-2.9574995040893555,-0.29212313890457153,0.0022431015968322754,0.29212313890457153,-0.040544867515563965,-0.15224942564964294
monalisa.jpg,115,115,/home/adminpc/Desktop/HVK/Script/Hamiltonian_Vision_Kernel/Main2/outputs/training_analysis/phase_transition_frames/epoch_0115.png,-0.029121987521648407,0.0004530053702183068,-3.01385760307312,-0.29429030418395996,0.0021671652793884277,0.29429030418395996,-0.04191263020038605,-0.15223413705825806
monalisa.jpg,116,116,/home/adminpc/Desktop/HVK/Script/Hamiltonian_Vision_Kernel/Main2/outputs/training_analysis/phase_transition_frames/epoch_0116.png,-0.02972390130162239,0.0004146734718233347,-3.0703697204589844,-0.2961971163749695,0.0019068121910095215,0.2961971163749695,-0.043142832815647125,-0.152231365442276
monalisa.jpg,117,117,/home/adminpc/Desktop/HVK/Script/Hamiltonian_Vision_Kernel/Main2/outputs/training_analysis/phase_transition_frames/epoch_0117.png,-0.030310746282339096,0.0003929518861696124,-3.1270596981048584,-0.2979642152786255,0.0017670989036560059,0.2979642152786255,-0.044015396386384964,-0.15230795741081238
monalisa.jpg,118,118,/home/adminpc/Desktop/HVK/Script/Hamiltonian_Vision_Kernel/Main2/outputs/training_analysis/phase_transition_frames/epoch_0118.png,-0.030825238674879074,0.00044535507913678885,-3.1835153102874756,-0.29956650733947754,0.0016022920608520508,0.29956650733947754,-0.045028723776340485,-0.15236786007881165
monalisa.jpg,119,119,/home/adminpc/Desktop/HVK/Script/Hamiltonian_Vision_Kernel/Main2/outputs/training_analysis/phase_transition_frames/epoch_0119.png,-0.031467050313949585,0.00036810041638091207,-3.241093158721924,-0.30116695165634155,0.0016004443168640137,0.30116695165634155,-0.04566546529531479,-0.1525636911392212
monalisa.jpg,120,120,/home/adminpc/Desktop/HVK/Script/Hamiltonian_Vision_Kernel/Main2/outputs/training_analysis/phase_transition_frames/epoch_0120.png,-0.03201823681592941,0.0003926950739696622,-3.298210620880127,-0.3025626540184021,0.0013957023620605469,0.3025626540184021,-0.04643015190958977,-0.15271294116973877
monalisa.jpg,121,121,/home/adminpc/Desktop/HVK/Script/Hamiltonian_Vision_Kernel/Main2/outputs/training_analysis/phase_transition_frames/epoch_0121.png,-0.032584935426712036,0.0003971700498368591,-3.354844570159912,-0.30398738384246826,0.0014247298240661621,0.30398738384246826,-0.04727877676486969,-0.1528148353099823
monalisa.jpg,122,122,/home/adminpc/Desktop/HVK/Script/Hamiltonian_Vision_Kernel/Main2/outputs/training_analysis/phase_transition_frames/epoch_0122.png,-0.03319072350859642,0.0003577200695872307,-3.411482334136963,-0.30532652139663696,0.0013391375541687012,0.30532652139663696,-0.04778296872973442,-0.15282222628593445
monalisa.jpg,123,123,/home/adminpc/Desktop/HVK/Script/Hamiltonian_Vision_Kernel/Main2/outputs/training_analysis/phase_transition_frames/epoch_0123.png,-0.03363371640443802,0.0004811062244698405,-3.4668667316436768,-0.30659836530685425,0.0012718439102172852,0.30659836530685425,-0.04716625064611435,-0.15283909440040588
monalisa.jpg,124,124,/home/adminpc/Desktop/HVK/Script/Hamiltonian_Vision_Kernel/Main2/outputs/training_analysis/phase_transition_frames/epoch_0124.png,-0.03414801135659218,0.0005206523928791285,-3.5226221084594727,-0.30767470598220825,0.001076340675354004,0.30767470598220825,-0.04678159952163696,-0.15278002619743347
monalisa.jpg,125,125,/home/adminpc/Desktop/HVK/Script/Hamiltonian_Vision_Kernel/Main2/outputs/training_analysis/phase_transition_frames/epoch_0125.png,-0.03479962423443794,0.00042659894097596407,-3.5774455070495605,-0.3087199926376343,0.0010452866554260254,0.3087199926376343,-0.046670377254486084,-0.1527499258518219
monalisa.jpg,126,126,/home/adminpc/Desktop/HVK/Script/Hamiltonian_Vision_Kernel/Main2/outputs/training_analysis/phase_transition_frames/epoch_0126.png,-0.035397350788116455,0.00037710368633270264,-3.6321256160736084,-0.30972230434417725,0.0010023117065429688,0.30972230434417725,-0.046288181096315384,-0.1527557522058487
monalisa.jpg,127,127,/home/adminpc/Desktop/HVK/Script/Hamiltonian_Vision_Kernel/Main2/outputs/training_analysis/phase_transition_frames/epoch_0127.png,-0.03585292771458626,0.00046832964289933443,-3.688481330871582,-0.3106786608695984,0.0009563565254211426,0.3106786608695984,-0.045473612844944,-0.1527179479598999
monalisa.jpg,128,128,/home/adminpc/Desktop/HVK/Script/Hamiltonian_Vision_Kernel/Main2/outputs/training_analysis/phase_transition_frames/epoch_0128.png,-0.03654981032013893,0.0003350013284943998,-3.7440741062164307,-0.3116258978843689,0.0009472370147705078,0.3116258978843689,-0.044524066150188446,-0.15264412760734558
monalisa.jpg,129,129,/home/adminpc/Desktop/HVK/Script/Hamiltonian_Vision_Kernel/Main2/outputs/training_analysis/phase_transition_frames/epoch_0129.png,-0.037080395966768265,0.00036034511867910624,-3.799234628677368,-0.3125929534435272,0.0009670555591583252,0.3125929534435272,-0.0432751439511776,-0.1525810807943344
monalisa.jpg,130,130,/home/adminpc/Desktop/HVK/Script/Hamiltonian_Vision_Kernel/Main2/outputs/training_analysis/phase_transition_frames/epoch_0130.png,-0.0376075841486454,0.00038476407644338906,-3.8546853065490723,-0.3135156035423279,0.0009226500988006592,0.3135156035423279,-0.0418865829706192,-0.15241745114326477
monalisa.jpg,131,131,/home/adminpc/Desktop/HVK/Script/Hamiltonian_Vision_Kernel/Main2/outputs/training_analysis/phase_transition_frames/epoch_0131.png,-0.03820477053523064,0.0003420767025090754,-3.9097442626953125,-0.31440412998199463,0.000888526439666748,0.31440412998199463,-0.04050927609205246,-0.1521308273077011
monalisa.jpg,132,132,/home/adminpc/Desktop/HVK/Script/Hamiltonian_Vision_Kernel/Main2/outputs/training_analysis/phase_transition_frames/epoch_0132.png,-0.03864729776978493,0.000450145365903154,-3.9632468223571777,-0.3151921033859253,0.0007879734039306641,0.3151921033859253,-0.039317552000284195,-0.15189090371131897
monalisa.jpg,133,133,/home/adminpc/Desktop/HVK/Script/Hamiltonian_Vision_Kernel/Main2/outputs/training_analysis/phase_transition_frames/epoch_0133.png,-0.0393228754401207,0.0003095894935540855,-4.017209053039551,-0.3159911334514618,0.000799030065536499,0.3159911334514618,-0.037650786340236664,-0.15166997909545898
monalisa.jpg,134,134,/home/adminpc/Desktop/HVK/Script/Hamiltonian_Vision_Kernel/Main2/outputs/training_analysis/phase_transition_frames/epoch_0134.png,-0.03977413475513458,0.00039795576594769955,-4.071685791015625,-0.3167961537837982,0.0008050203323364258,0.3167961537837982,-0.035979144275188446,-0.1513863205909729
monalisa.jpg,135,135,/home/adminpc/Desktop/HVK/Script/Hamiltonian_Vision_Kernel/Main2/outputs/training_analysis/phase_transition_frames/epoch_0135.png,-0.04044891521334648,0.00026794205768965185,-4.124987602233887,-0.317503958940506,0.0007078051567077637,0.317503958940506,-0.03449740633368492,-0.15110018849372864
monalisa.jpg,136,136,/home/adminpc/Desktop/HVK/Script/Hamiltonian_Vision_Kernel/Main2/outputs/training_analysis/phase_transition_frames/epoch_0136.png,-0.040962573140859604,0.0002873017219826579,-4.178073883056641,-0.3181488513946533,0.0006448924541473389,0.3181488513946533,-0.03315897285938263,-0.150869220495224
monalisa.jpg,137,137,/home/adminpc/Desktop/HVK/Script/Hamiltonian_Vision_Kernel/Main2/outputs/training_analysis/phase_transition_frames/epoch_0137.png,-0.04150783270597458,0.000272903882432729,-4.230893135070801,-0.3188144564628601,0.0006656050682067871,0.3188144564628601,-0.03155166655778885,-0.15056289732456207
monalisa.jpg,138,138,/home/adminpc/Desktop/HVK/Script/Hamiltonian_Vision_Kernel/Main2/outputs/training_analysis/phase_transition_frames/epoch_0138.png,-0.04197907820343971,0.0003298498340882361,-4.28336238861084,-0.3194858431816101,0.00067138671875,0.3194858431816101,-0.029838331043720245,-0.1501467376947403
monalisa.jpg,139,139,/home/adminpc/Desktop/HVK/Script/Hamiltonian_Vision_Kernel/Main2/outputs/training_analysis/phase_transition_frames/epoch_0139.png,-0.042592305690050125,0.00024131829559337348,-4.3356428146362305,-0.3201013207435608,0.0006154775619506836,0.3201013207435608,-0.02785636857151985,-0.1497839242219925
monalisa.jpg,140,140,/home/adminpc/Desktop/HVK/Script/Hamiltonian_Vision_Kernel/Main2/outputs/training_analysis/phase_transition_frames/epoch_0140.png,-0.04304134100675583,0.00031509349355474114,-4.387391090393066,-0.3206460177898407,0.0005446970462799072,0.3206460177898407,-0.0252648014575243,-0.14950133860111237
monalisa.jpg,141,141,/home/adminpc/Desktop/HVK/Script/Hamiltonian_Vision_Kernel/Main2/outputs/training_analysis/phase_transition_frames/epoch_0141.png,-0.04360044375061989,0.0002734704175963998,-4.439205169677734,-0.3212125301361084,0.0005665123462677002,0.3212125301361084,-0.022848686203360558,-0.14917731285095215
monalisa.jpg,142,142,/home/adminpc/Desktop/HVK/Script/Hamiltonian_Vision_Kernel/Main2/outputs/training_analysis/phase_transition_frames/epoch_0142.png,-0.04413210228085518,0.0002599466824904084,-4.490635395050049,-0.3217606246471405,0.0005480945110321045,0.3217606246471405,-0.02113915979862213,-0.14882659912109375
monalisa.jpg,143,143,/home/adminpc/Desktop/HVK/Script/Hamiltonian_Vision_Kernel/Main2/outputs/training_analysis/phase_transition_frames/epoch_0143.png,-0.04463745653629303,0.00026889386936090887,-4.541522026062012,-0.3222491145133972,0.0004884898662567139,0.3222491145133972,-0.01962173543870449,-0.14854419231414795
monalisa.jpg,144,144,/home/adminpc/Desktop/HVK/Script/Hamiltonian_Vision_Kernel/Main2/outputs/training_analysis/phase_transition_frames/epoch_0144.png,-0.04518494755029678,0.0002302726061316207,-4.592069149017334,-0.32269278168678284,0.0004436671733856201,0.32269278168678284,-0.018398627638816833,-0.14828038215637207
monalisa.jpg,145,145,/home/adminpc/Desktop/HVK/Script/Hamiltonian_Vision_Kernel/Main2/outputs/training_analysis/phase_transition_frames/epoch_0145.png,-0.04563535004854202,0.00028533797012642026,-4.6424665451049805,-0.3231230080127716,0.00043022632598876953,0.3231230080127716,-0.017541497945785522,-0.14800529181957245
monalisa.jpg,146,146,/home/adminpc/Desktop/HVK/Script/Hamiltonian_Vision_Kernel/Main2/outputs/training_analysis/phase_transition_frames/epoch_0146.png,-0.04622220993041992,0.00020245369523763657,-4.69242525100708,-0.3235543966293335,0.00043138861656188965,0.3235543966293335,-0.016373561695218086,-0.14767907559871674
monalisa.jpg,147,147,/home/adminpc/Desktop/HVK/Script/Hamiltonian_Vision_Kernel/Main2/outputs/training_analysis/phase_transition_frames/epoch_0147.png,-0.04660612717270851,0.00031812599627301097,-4.741908550262451,-0.3239629864692688,0.00040858983993530273,0.3239629864692688,-0.01442001387476921,-0.14739978313446045
monalisa.jpg,148,148,/home/adminpc/Desktop/HVK/Script/Hamiltonian_Vision_Kernel/Main2/outputs/training_analysis/phase_transition_frames/epoch_0148.png,-0.047207653522491455,0.000211432678042911,-4.791398048400879,-0.32436156272888184,0.0003985762596130371,0.32436156272888184,-0.012831085361540318,-0.14711280167102814
monalisa.jpg,149,149,/home/adminpc/Desktop/HVK/Script/Hamiltonian_Vision_Kernel/Main2/outputs/training_analysis/phase_transition_frames/epoch_0149.png,-0.047629501670598984,0.0002844775444827974,-4.840702056884766,-0.32474300265312195,0.0003814399242401123,0.32474300265312195,-0.011984475888311863,-0.1468227207660675
monalisa.jpg,150,150,/home/adminpc/Desktop/HVK/Script/Hamiltonian_Vision_Kernel/Main2/outputs/training_analysis/phase_transition_frames/epoch_0150.png,-0.04815015196800232,0.0002568626368883997,-4.8895978927612305,-0.32505345344543457,0.00031045079231262207,0.32505345344543457,-0.011315593495965004,-0.1466289460659027
monalisa.jpg,151,151,/home/adminpc/Desktop/HVK/Script/Hamiltonian_Vision_Kernel/Main2/outputs/training_analysis/phase_transition_frames/epoch_0151.png,-0.04865510016679764,0.00024088250938802958,-4.938096046447754,-0.3253445625305176,0.0002911090850830078,0.3253445625305176,-0.010544825345277786,-0.14646469056606293
monalisa.jpg,152,152,/home/adminpc/Desktop/HVK/Script/Hamiltonian_Vision_Kernel/Main2/outputs/training_analysis/phase_transition_frames/epoch_0152.png,-0.049119554460048676,0.0002614023978821933,-4.986632823944092,-0.32567811012268066,0.00033354759216308594,0.32567811012268066,-0.009755457751452923,-0.14622874557971954
monalisa.jpg,153,153,/home/adminpc/Desktop/HVK/Script/Hamiltonian_Vision_Kernel/Main2/outputs/training_analysis/phase_transition_frames/epoch_0153.png,-0.04964025691151619,0.00022607806022278965,-5.034955024719238,-0.3260115385055542,0.00033342838287353516,0.3260115385055542,-0.009215835481882095,-0.1459796279668808
monalisa.jpg,154,154,/home/adminpc/Desktop/HVK/Script/Hamiltonian_Vision_Kernel/Main2/outputs/training_analysis/phase_transition_frames/epoch_0154.png,-0.0500977486371994,0.00025179830845445395,-5.082775115966797,-0.32629770040512085,0.0002861618995666504,0.32629770040512085,-0.00841638445854187,-0.14580103754997253
monalisa.jpg,155,155,/home/adminpc/Desktop/HVK/Script/Hamiltonian_Vision_Kernel/Main2/outputs/training_analysis/phase_transition_frames/epoch_0155.png,-0.050608545541763306,0.00021921259758528322,-5.130401611328125,-0.326572984457016,0.0002752840518951416,0.326572984457016,-0.007100485730916262,-0.1456359624862671
monalisa.jpg,156,156,/home/adminpc/Desktop/HVK/Script/Hamiltonian_Vision_Kernel/Main2/outputs/training_analysis/phase_transition_frames/epoch_0156.png,-0.05107877403497696,0.00022524557425640523,-5.177836894989014,-0.3268623948097229,0.0002894103527069092,0.3268623948097229,-0.0059811510145664215,-0.14541871845722198
monalisa.jpg,157,157,/home/adminpc/Desktop/HVK/Script/Hamiltonian_Vision_Kernel/Main2/outputs/training_analysis/phase_transition_frames/epoch_0157.png,-0.05159035697579384,0.0001880052877822891,-5.225114345550537,-0.32713454961776733,0.0002721548080444336,0.32713454961776733,-0.005421383772045374,-0.14522922039031982
monalisa.jpg,158,158,/home/adminpc/Desktop/HVK/Script/Hamiltonian_Vision_Kernel/Main2/outputs/training_analysis/phase_transition_frames/epoch_0158.png,-0.05205211043357849,0.00019903542124666274,-5.271907806396484,-0.3273681402206421,0.00023359060287475586,0.3273681402206421,-0.00505454558879137,-0.14508962631225586
monalisa.jpg,159,159,/home/adminpc/Desktop/HVK/Script/Hamiltonian_Vision_Kernel/Main2/outputs/training_analysis/phase_transition_frames/epoch_0159.png,-0.052545927464962006,0.0001731471566017717,-5.318484306335449,-0.3275928795337677,0.00022473931312561035,0.3275928795337677,-0.0044936430640518665,-0.14493964612483978
monalisa.jpg,160,160,/home/adminpc/Desktop/HVK/Script/Hamiltonian_Vision_Kernel/Main2/outputs/training_analysis/phase_transition_frames/epoch_0160.png,-0.053019627928733826,0.00016521423822268844,-5.364917278289795,-0.32782575488090515,0.00023287534713745117,0.32782575488090515,-0.0040277764201164246,-0.14476877450942993
monalisa.jpg,161,161,/home/adminpc/Desktop/HVK/Script/Hamiltonian_Vision_Kernel/Main2/outputs/training_analysis/phase_transition_frames/epoch_0161.png,-0.05345512554049492,0.00019404623890295625,-5.411011695861816,-0.3280380070209503,0.00021225214004516602,0.3280380070209503,-0.003911240957677364,-0.14463622868061066
monalisa.jpg,162,162,/home/adminpc/Desktop/HVK/Script/Hamiltonian_Vision_Kernel/Main2/outputs/training_analysis/phase_transition_frames/epoch_0162.png,-0.05397043004631996,0.0001396926527377218,-5.456961154937744,-0.3282414674758911,0.0002034604549407959,0.3282414674758911,-0.00367047730833292,-0.14452308416366577
monalisa.jpg,163,163,/home/adminpc/Desktop/HVK/Script/Hamiltonian_Vision_Kernel/Main2/outputs/training_analysis/phase_transition_frames/epoch_0163.png,-0.05439194664359093,0.00017766162636689842,-5.502781867980957,-0.32843947410583496,0.00019800662994384766,0.32843947410583496,-0.0029103895649313927,-0.14440955221652985
monalisa.jpg,164,164,/home/adminpc/Desktop/HVK/Script/Hamiltonian_Vision_Kernel/Main2/outputs/training_analysis/phase_transition_frames/epoch_0164.png,-0.05486229434609413,0.00016552266606595367,-5.548219203948975,-0.32863977551460266,0.0002003014087677002,0.32863977551460266,-0.002327861962839961,-0.1442749798297882
monalisa.jpg,165,165,/home/adminpc/Desktop/HVK/Script/Hamiltonian_Vision_Kernel/Main2/outputs/training_analysis/phase_transition_frames/epoch_0165.png,-0.05531959980726242,0.00016259029507637024,-5.593234062194824,-0.3288266062736511,0.00018683075904846191,0.3288266062736511,-0.0020581332501024008,-0.14414426684379578
monalisa.jpg,166,166,/home/adminpc/Desktop/HVK/Script/Hamiltonian_Vision_Kernel/Main2/outputs/training_analysis/phase_transition_frames/epoch_0166.png,-0.05580604076385498,0.000126298371469602,-5.63818359375,-0.3290075659751892,0.00018095970153808594,0.3290075659751892,-0.0018071442609652877,-0.14403866231441498
monalisa.jpg,167,167,/home/adminpc/Desktop/HVK/Script/Hamiltonian_Vision_Kernel/Main2/outputs/training_analysis/phase_transition_frames/epoch_0167.png,-0.05619031935930252,0.00019151026208419353,-5.682934761047363,-0.32918334007263184,0.00017577409744262695,0.32918334007263184,-0.0013190584722906351,-0.1439407765865326
monalisa.jpg,168,168,/home/adminpc/Desktop/HVK/Script/Hamiltonian_Vision_Kernel/Main2/outputs/training_analysis/phase_transition_frames/epoch_0168.png,-0.056684769690036774,0.00014457484940066934,-5.7271013259887695,-0.32934340834617615,0.00016006827354431152,0.32934340834617615,-0.0008750466513447464,-0.14383868873119354
monalisa.jpg,169,169,/home/adminpc/Desktop/HVK/Script/Hamiltonian_Vision_Kernel/Main2/outputs/training_analysis/phase_transition_frames/epoch_0169.png,-0.057107795029878616,0.000163214179337956,-5.7714080810546875,-0.32949918508529663,0.0001557767391204834,0.32949918508529663,-0.0006109906826168299,-0.14375263452529907
monalisa.jpg,170,170,/home/adminpc/Desktop/HVK/Script/Hamiltonian_Vision_Kernel/Main2/outputs/training_analysis/phase_transition_frames/epoch_0170.png,-0.05759095400571823,0.0001231235801242292,-5.8153977394104,-0.32964026927948,0.0001410841941833496,0.32964026927948,-0.0005081710405647755,-0.14367681741714478
monalisa.jpg,171,171,/home/adminpc/Desktop/HVK/Script/Hamiltonian_Vision_Kernel/Main2/outputs/training_analysis/phase_transition_frames/epoch_0171.png,-0.05799075588583946,0.00016322280862368643,-5.85902214050293,-0.3297765254974365,0.00013625621795654297,0.3297765254974365,-6.685088737867773e-05,-0.1436024010181427
monalisa.jpg,172,172,/home/adminpc/Desktop/HVK/Script/Hamiltonian_Vision_Kernel/Main2/outputs/training_analysis/phase_transition_frames/epoch_0172.png,-0.058466587215662,0.0001236254902323708,-5.902692794799805,-0.3299309313297272,0.00015440583229064941,0.3299309313297272,0.00022877671290189028,-0.1435340940952301
monalisa.jpg,173,173,/home/adminpc/Desktop/HVK/Script/Hamiltonian_Vision_Kernel/Main2/outputs/training_analysis/phase_transition_frames/epoch_0173.png,-0.05886940285563469,0.00015752561739645898,-5.94613790512085,-0.33007436990737915,0.00014343857765197754,0.33007436990737915,9.724989649839699e-05,-0.1434728056192398
monalisa.jpg,174,174,/home/adminpc/Desktop/HVK/Script/Hamiltonian_Vision_Kernel/Main2/outputs/training_analysis/phase_transition_frames/epoch_0174.png,-0.05935177579522133,0.00010959793871734291,-5.98906946182251,-0.33019202947616577,0.0001176595687866211,0.33019202947616577,0.00023713908740319312,-0.14342039823532104
monalisa.jpg,175,175,/home/adminpc/Desktop/HVK/Script/Hamiltonian_Vision_Kernel/Main2/outputs/training_analysis/phase_transition_frames/epoch_0175.png,-0.05976656824350357,0.00012412526120897382,-6.032080173492432,-0.33032527565956116,0.00013324618339538574,0.33032527565956116,0.0007698959088884294,-0.14336857199668884
monalisa.jpg,176,176,/home/adminpc/Desktop/HVK/Script/Hamiltonian_Vision_Kernel/Main2/outputs/training_analysis/phase_transition_frames/epoch_0176.png,-0.06019387021660805,0.00012692384188994765,-6.075065612792969,-0.33044934272766113,0.00012406706809997559,0.33044934272766113,0.0012109051458537579,-0.14333000779151917
monalisa.jpg,177,177,/home/adminpc/Desktop/HVK/Script/Hamiltonian_Vision_Kernel/Main2/outputs/training_analysis/phase_transition_frames/epoch_0177.png,-0.06062600389122963,0.00012465933104977012,-6.117186546325684,-0.3305531144142151,0.00010377168655395508,0.3305531144142151,0.001411248929798603,-0.14327210187911987
monalisa.jpg,178,178,/home/adminpc/Desktop/HVK/Script/Hamiltonian_Vision_Kernel/Main2/outputs/training_analysis/phase_transition_frames/epoch_0178.png,-0.06107278913259506,9.907533967634663e-05,-6.15962028503418,-0.33067402243614197,0.00012090802192687988,0.33067402243614197,0.0016084791859611869,-0.1432260274887085
monalisa.jpg,179,179,/home/adminpc/Desktop/HVK/Script/Hamiltonian_Vision_Kernel/Main2/outputs/training_analysis/phase_transition_frames/epoch_0179.png,-0.06144963949918747,0.00014656106941401958,-6.2020673751831055,-0.3307954668998718,0.0001214444637298584,0.3307954668998718,0.0018311884487047791,-0.1431993544101715
monalisa.jpg,180,180,/home/adminpc/Desktop/HVK/Script/Hamiltonian_Vision_Kernel/Main2/outputs/training_analysis/phase_transition_frames/epoch_0180.png,-0.06191803514957428,0.00010263703006785363,-6.243624687194824,-0.3308936357498169,9.816884994506836e-05,0.3308936357498169,0.001835767412558198,-0.1431560218334198
monalisa.jpg,181,181,/home/adminpc/Desktop/HVK/Script/Hamiltonian_Vision_Kernel/Main2/outputs/training_analysis/phase_transition_frames/epoch_0181.png,-0.06232291832566261,0.00011332533904351294,-6.285722732543945,-0.33099162578582764,9.799003601074219e-05,0.33099162578582764,0.0017303130589425564,-0.14314308762550354
monalisa.jpg,182,182,/home/adminpc/Desktop/HVK/Script/Hamiltonian_Vision_Kernel/Main2/outputs/training_analysis/phase_transition_frames/epoch_0182.png,-0.06275109946727753,0.0001061267830664292,-6.327526569366455,-0.331094354391098,0.00010272860527038574,0.331094354391098,0.0017829489661380649,-0.14311379194259644
monalisa.jpg,183,183,/home/adminpc/Desktop/HVK/Script/Hamiltonian_Vision_Kernel/Main2/outputs/training_analysis/phase_transition_frames/epoch_0183.png,-0.0631481409072876,0.00012712189345620573,-6.36888313293457,-0.3311896026134491,9.524822235107422e-05,0.3311896026134491,0.0021697860211133957,-0.14307957887649536
monalisa.jpg,184,184,/home/adminpc/Desktop/HVK/Script/Hamiltonian_Vision_Kernel/Main2/outputs/training_analysis/phase_transition_frames/epoch_0184.png,-0.0635676383972168,0.00012119077291572466,-6.410395622253418,-0.33129239082336426,0.00010278820991516113,0.33129239082336426,0.002303521381691098,-0.14305895566940308
monalisa.jpg,185,185,/home/adminpc/Desktop/HVK/Script/Hamiltonian_Vision_Kernel/Main2/outputs/training_analysis/phase_transition_frames/epoch_0185.png,-0.06395262479782104,0.00015132848056964576,-6.451506614685059,-0.33138686418533325,9.447336196899414e-05,0.33138686418533325,0.0017782205250114202,-0.14303706586360931
monalisa.jpg,186,186,/home/adminpc/Desktop/HVK/Script/Hamiltonian_Vision_Kernel/Main2/outputs/training_analysis/phase_transition_frames/epoch_0186.png,-0.06442391872406006,9.114335989579558e-05,-6.492379665374756,-0.331468790769577,8.192658424377441e-05,0.331468790769577,0.0012972007971256971,-0.14301630854606628
monalisa.jpg,187,187,/home/adminpc/Desktop/HVK/Script/Hamiltonian_Vision_Kernel/Main2/outputs/training_analysis/phase_transition_frames/epoch_0187.png,-0.06479144841432571,0.00013234384823590517,-6.533297538757324,-0.3315480351448059,7.924437522888184e-05,0.3315480351448059,0.0012880733702331781,-0.1430063396692276
monalisa.jpg,188,188,/home/adminpc/Desktop/HVK/Script/Hamiltonian_Vision_Kernel/Main2/outputs/training_analysis/phase_transition_frames/epoch_0188.png,-0.06522511690855026,0.0001078549466910772,-6.574049472808838,-0.33162394165992737,7.590651512145996e-05,0.33162394165992737,0.0015016659162938595,-0.14300668239593506
monalisa.jpg,189,189,/home/adminpc/Desktop/HVK/Script/Hamiltonian_Vision_Kernel/Main2/outputs/training_analysis/phase_transition_frames/epoch_0189.png,-0.06558982282876968,0.00015067266940604895,-6.614323616027832,-0.33171018958091736,8.624792098999023e-05,0.33171018958091736,0.0016711243661120534,-0.14297901093959808
monalisa.jpg,190,190,/home/adminpc/Desktop/HVK/Script/Hamiltonian_Vision_Kernel/Main2/outputs/training_analysis/phase_transition_frames/epoch_0190.png,-0.06604193896055222,0.00010129559086635709,-6.654535293579102,-0.3317968249320984,8.663535118103027e-05,0.3317968249320984,0.0017132946522906423,-0.14294767379760742
monalisa.jpg,191,191,/home/adminpc/Desktop/HVK/Script/Hamiltonian_Vision_Kernel/Main2/outputs/training_analysis/phase_transition_frames/epoch_0191.png,-0.06638745963573456,0.00015789811732247472,-6.69492769241333,-0.33186405897140503,6.723403930664062e-05,0.33186405897140503,0.0017845896072685719,-0.14294841885566711
monalisa.jpg,192,192,/home/adminpc/Desktop/HVK/Script/Hamiltonian_Vision_Kernel/Main2/outputs/training_analysis/phase_transition_frames/epoch_0192.png,-0.0668518915772438,9.738406515680254e-05,-6.734886169433594,-0.3319312334060669,6.717443466186523e-05,0.3319312334060669,0.0017330999253317714,-0.14293250441551208
monalisa.jpg,193,193,/home/adminpc/Desktop/HVK/Script/Hamiltonian_Vision_Kernel/Main2/outputs/training_analysis/phase_transition_frames/epoch_0193.png,-0.06723085045814514,0.00011801857908722013,-6.775047302246094,-0.33200860023498535,7.736682891845703e-05,0.33200860023498535,0.0015743969706818461,-0.1429247409105301
monalisa.jpg,194,194,/home/adminpc/Desktop/HVK/Script/Hamiltonian_Vision_Kernel/Main2/outputs/training_analysis/phase_transition_frames/epoch_0194.png,-0.06765514612197876,9.532058902550489e-05,-6.814867973327637,-0.33207422494888306,6.562471389770508e-05,0.33207422494888306,0.001476936973631382,-0.1429218351840973
monalisa.jpg,195,195,/home/adminpc/Desktop/HVK/Script/Hamiltonian_Vision_Kernel/Main2/outputs/training_analysis/phase_transition_frames/epoch_0195.png,-0.0680447518825531,0.00010392577678430825,-6.854399681091309,-0.3321372866630554,6.306171417236328e-05,0.3321372866630554,0.0015349243767559528,-0.14290699362754822
monalisa.jpg,196,196,/home/adminpc/Desktop/HVK/Script/Hamiltonian_Vision_Kernel/Main2/outputs/training_analysis/phase_transition_frames/epoch_0196.png,-0.06845059990882874,9.339382813777775e-05,-6.894015312194824,-0.3321877419948578,5.0455331802368164e-05,0.3321877419948578,0.0015983916819095612,-0.14290744066238403
monalisa.jpg,197,197,/home/adminpc/Desktop/HVK/Script/Hamiltonian_Vision_Kernel/Main2/outputs/training_analysis/phase_transition_frames/epoch_0197.png,-0.0688379555940628,0.00010220224794466048,-6.9335527420043945,-0.3322438597679138,5.6117773056030273e-05,0.3322438597679138,0.0014999564737081528,-0.14291799068450928
monalisa.jpg,198,198,/home/adminpc/Desktop/HVK/Script/Hamiltonian_Vision_Kernel/Main2/outputs/training_analysis/phase_transition_frames/epoch_0198.png,-0.06924843043088913,8.709129178896546e-05,-6.972807884216309,-0.33231309056282043,6.923079490661621e-05,0.33231309056282043,0.001066767843440175,-0.1429072618484497
monalisa.jpg,199,199,/home/adminpc/Desktop/HVK/Script/Hamiltonian_Vision_Kernel/Main2/outputs/training_analysis/phase_transition_frames/epoch_0199.png,-0.06964316964149475,8.490199979860336e-05,-7.011948108673096,-0.33236533403396606,5.224347114562988e-05,0.33236533403396606,0.0007051342399790883,-0.14289644360542297
monalisa.jpg,200,200,/home/adminpc/Desktop/HVK/Script/Hamiltonian_Vision_Kernel/Main2/outputs/training_analysis/phase_transition_frames/epoch_0200.png,-0.07003432512283325,8.514919318258762e-05,-7.050991058349609,-0.3324030041694641,3.7670135498046875e-05,0.3324030041694641,0.0006208476261235774,-0.14289984107017517
