seed,family,label,temperature,J,Gamma,mse,mae,psnr_db
3,baseline,mean_fill,,,,0.03553260268684251,0.15806665052852417,14.493729802073904
3,baseline,nearest,,,,0.01324697053839691,0.07347494553376906,18.778834295677573
3,baseline,gaussian,,,,0.006440025377169368,0.059331314972843836,21.911124212825936
3,classical_ising,"classical_ising: J=0.25, Gamma=0",0.25,0.25,0.0,0.08883683076574857,0.2529564263234975,10.514069432066119
3,classical_ising,"classical_ising: J=0.25, Gamma=0",0.5,0.25,0.0,0.03179312192057294,0.1418952461201812,14.976668245134217
3,classical_ising,"classical_ising: J=0.25, Gamma=0",0.75,0.25,0.0,0.021946005669866486,0.12308542734460984,16.58644512934007
3,classical_ising,"classical_ising: J=0.25, Gamma=0",1.0,0.25,0.0,0.027391746172310542,0.13616463885914884,15.623802814069872
3,classical_ising,"classical_ising: J=0.25, Gamma=0",1.5,0.25,0.0,0.04172339631456087,0.17085624197635793,13.796203469224505
3,classical_ising,"classical_ising: J=0.25, Gamma=0",2.0,0.25,0.0,0.05157788348622859,0.19066517721650975,12.875364832355213
3,quantum,"quantum: J=0.25, Gamma=0.2",0.25,0.25,0.2,0.071842853114992,0.2193510864132761,11.436164287420226
3,quantum,"quantum: J=0.25, Gamma=0.2",0.5,0.25,0.2,0.028879255640453166,0.13674643670711328,15.394140048492769
3,quantum,"quantum: J=0.25, Gamma=0.2",0.75,0.25,0.2,0.022138678578777906,0.12364796142401427,16.54848305005256
3,quantum,"quantum: J=0.25, Gamma=0.2",1.0,0.25,0.2,0.027833080525734227,0.1372140496591563,15.554387239106916
3,quantum,"quantum: J=0.25, Gamma=0.2",1.5,0.25,0.2,0.041956740318017896,0.17135310647804686,13.771982601564734
3,quantum,"quantum: J=0.25, Gamma=0.2",2.0,0.25,0.2,0.05168466758847593,0.19087346219644047,12.866382725597383
3,quantum,"quantum: J=0.25, Gamma=0.35",0.25,0.25,0.35,0.04689720226046133,0.16974915680946803,13.288530651545445
3,quantum,"quantum: J=0.25, Gamma=0.35",0.5,0.25,0.35,0.024925676227971302,0.12973282689319202,16.033530505451875
3,quantum,"quantum: J=0.25, Gamma=0.35",0.75,0.25,0.35,0.022720614620104922,0.12499630430747949,16.435799246111216
3,quantum,"quantum: J=0.25, Gamma=0.35",1.0,0.25,0.35,0.028743854539271238,0.13947174104307766,15.414549935821322
3,quantum,"quantum: J=0.25, Gamma=0.35",1.5,0.25,0.35,0.0424296336044921,0.17235387867808696,13.723307185099413
3,quantum,"quantum: J=0.25, Gamma=0.35",2.0,0.25,0.35,0.05190204483049676,0.19130054634246246,12.848155315329077
3,classical_ising,"classical_ising: J=0.45, Gamma=0",0.25,0.45,0.0,0.10688431555851537,0.28375789278062524,9.710860194511245
3,classical_ising,"classical_ising: J=0.45, Gamma=0",0.5,0.45,0.0,0.07163097552159572,0.2236585189540914,11.448991342698145
3,classical_ising,"classical_ising: J=0.45, Gamma=0",0.75,0.45,0.0,0.035075008264608534,0.14600149802454643,14.550022179682138
3,classical_ising,"classical_ising: J=0.45, Gamma=0",1.0,0.45,0.0,0.020854467331911146,0.11675924033728526,16.808008984945367
3,classical_ising,"classical_ising: J=0.45, Gamma=0",1.5,0.45,0.0,0.025211801547367536,0.13039878339406027,15.983961200464387
3,classical_ising,"classical_ising: J=0.45, Gamma=0",2.0,0.45,0.0,0.03703949087636972,0.16090902089066533,14.313349915123187
3,quantum,"quantum: J=0.45, Gamma=0.2",0.25,0.45,0.2,0.10048826627478566,0.2725356489076605,9.978846465978954
3,quantum,"quantum: J=0.45, Gamma=0.2",0.5,0.45,0.2,0.06668105692775526,0.2133131624476832,11.759975250069893
3,quantum,"quantum: J=0.45, Gamma=0.2",0.75,0.45,0.2,0.03329242924871322,0.14238591603421832,14.776545145213154
3,quantum,"quantum: J=0.45, Gamma=0.2",1.0,0.45,0.2,0.020591174306888487,0.1162358632052367,16.863188850255312
3,quantum,"quantum: J=0.45, Gamma=0.2",1.5,0.45,0.2,0.025431672952755432,0.1309687736821414,15.94625070014914
3,quantum,"quantum: J=0.45, Gamma=0.2",2.0,0.45,0.2,0.03719147409051439,0.1612592881443985,14.295566079629136
3,quantum,"quantum: J=0.45, Gamma=0.35",0.25,0.45,0.35,0.08762935026264544,0.24875225551631852,10.573504084185519
3,quantum,"quantum: J=0.45, Gamma=0.35",0.5,0.45,0.35,0.05745748606454909,0.19367496632195927,12.406533796002206
3,quantum,"quantum: J=0.45, Gamma=0.35",0.75,0.45,0.35,0.030107470160965467,0.13573465142993038,15.213257353969553
3,quantum,"quantum: J=0.45, Gamma=0.35",1.0,0.45,0.35,0.020174047331923857,0.11542774822119777,16.952069645740345
3,quantum,"quantum: J=0.45, Gamma=0.35",1.5,0.45,0.35,0.025886960489318926,0.13215213524916786,15.869189391444898
3,quantum,"quantum: J=0.45, Gamma=0.35",2.0,0.45,0.35,0.03750228957666818,0.1619762843672959,14.259422170680438
3,classical_ising,"classical_ising: J=0.7, Gamma=0",0.25,0.7,0.0,0.10878484239239304,0.2866751457164728,9.634316131298903
3,classical_ising,"classical_ising: J=0.7, Gamma=0",0.5,0.7,0.0,0.08999654227688228,0.258356297857138,10.45774176104199
3,classical_ising,"classical_ising: J=0.7, Gamma=0",0.75,0.7,0.0,0.06348569050602479,0.20909891431371938,11.973241524180844
3,classical_ising,"classical_ising: J=0.7, Gamma=0",1.0,0.7,0.0,0.03785367593250094,0.1516165717641595,14.218919402145216
3,classical_ising,"classical_ising: J=0.7, Gamma=0",1.5,0.7,0.0,0.0185323365131147,0.10888991868947998,17.320698224089902
3,classical_ising,"classical_ising: J=0.7, Gamma=0",2.0,0.7,0.0,0.02380062170672721,0.1264493987585148,16.234116983941387
3,quantum,"quantum: J=0.7, Gamma=0.2",0.25,0.7,0.2,0.10625409201484476,0.28227005671348165,9.736543355812154
3,quantum,"quantum: J=0.7, Gamma=0.2",0.5,0.7,0.2,0.08751710748219393,0.2536811846319254,10.579070445901815
3,quantum,"quantum: J=0.7, Gamma=0.2",0.75,0.7,0.2,0.061465084107398565,0.20455405764611612,12.113715197635273
3,quantum,"quantum: J=0.7, Gamma=0.2",1.0,0.7,0.2,0.0367787778516205,0.149018985446973,14.344027063408966
3,quantum,"quantum: J=0.7, Gamma=0.2",1.5,0.7,0.2,0.018504084379149036,0.10887977593568386,17.327323998377796
3,quantum,"quantum: J=0.7, Gamma=0.2",2.0,0.7,0.2,0.023929454520974346,0.1268061851377636,16.210672011454804
3,quantum,"quantum: J=0.7, Gamma=0.35",0.25,0.7,0.35,0.10099971840983493,0.27292850161996307,9.956798370413706
3,quantum,"quantum: J=0.7, Gamma=0.35",0.5,0.7,0.35,0.0824406664747226,0.24398965868441166,10.838585059136355
3,quantum,"quantum: J=0.7, Gamma=0.35",0.75,0.7,0.35,0.05745831282245578,0.1956571098332834,12.40647130565706
3,quantum,"quantum: J=0.7, Gamma=0.35",1.0,0.7,0.35,0.0346942258224788,0.14409709715790892,14.597427990449116
3,quantum,"quantum: J=0.7, Gamma=0.35",1.5,0.7,0.35,0.01846858186050412,0.10898632833563555,17.335664512735146
3,quantum,"quantum: J=0.7, Gamma=0.35",2.0,0.7,0.35,0.024196331034653993,0.12753349649833604,16.162504824577894
3,local_only,"local_only: J=0, Gamma=0",0.25,0.0,0.0,0.07157190254460535,0.22536310820624544,11.452574380935667
3,local_only,"local_only: J=0, Gamma=0",0.5,0.0,0.0,0.07157190254460535,0.22536310820624544,11.452574380935667
3,local_only,"local_only: J=0, Gamma=0",0.75,0.0,0.0,0.07157190254460535,0.22536310820624544,11.452574380935667
3,local_only,"local_only: J=0, Gamma=0",1.0,0.0,0.0,0.07157190254460535,0.22536310820624544,11.452574380935667
3,local_only,"local_only: J=0, Gamma=0",1.5,0.0,0.0,0.07157190254460535,0.22536310820624544,11.452574380935667
3,local_only,"local_only: J=0, Gamma=0",2.0,0.0,0.0,0.07157190254460535,0.22536310820624544,11.452574380935667
3,local_only,"local_only: J=0, Gamma=0.35",0.25,0.0,0.35,0.07157190254460531,0.22536310820624544,11.452574380935669
3,local_only,"local_only: J=0, Gamma=0.35",0.5,0.0,0.35,0.07157190254460533,0.2253631082062455,11.452574380935669
3,local_only,"local_only: J=0, Gamma=0.35",0.75,0.0,0.35,0.07157190254460534,0.2253631082062455,11.452574380935667
3,local_only,"local_only: J=0, Gamma=0.35",1.0,0.0,0.35,0.07157190254460534,0.22536310820624544,11.452574380935667
3,local_only,"local_only: J=0, Gamma=0.35",1.5,0.0,0.35,0.07157190254460534,0.22536310820624544,11.452574380935667
3,local_only,"local_only: J=0, Gamma=0.35",2.0,0.0,0.35,0.07157190254460534,0.22536310820624544,11.452574380935667
7,baseline,mean_fill,,,,0.03478463784624057,0.1559344551280865,14.586125138586691
7,baseline,nearest,,,,0.011409115405730747,0.07158147101635413,19.42748026861607
7,baseline,gaussian,,,,0.008355228379910797,0.06502347616316151,20.7804167470183
7,classical_ising,"classical_ising: J=0.25, Gamma=0",0.25,0.25,0.0,0.06069396170350156,0.20672799542306308,12.168545136906916
7,classical_ising,"classical_ising: J=0.25, Gamma=0",0.5,0.25,0.0,0.025797310533807072,0.13035136559805943,15.884255685022733
7,classical_ising,"classical_ising: J=0.25, Gamma=0",0.75,0.25,0.0,0.024505579442382137,0.12840343813678598,16.107350239959153
7,classical_ising,"classical_ising: J=0.25, Gamma=0",1.0,0.25,0.0,0.03280166256110221,0.1473425068039771,14.841041433976567
7,classical_ising,"classical_ising: J=0.25, Gamma=0",1.5,0.25,0.0,0.04887252139814943,0.18880591826190157,13.109352545659457
7,classical_ising,"classical_ising: J=0.25, Gamma=0",2.0,0.25,0.0,0.0590372006564839,0.2101927418706388,12.288742434659204
7,quantum,"quantum: J=0.25, Gamma=0.2",0.25,0.25,0.2,0.048328450903431776,0.17587057409694393,13.157971253012938
7,quantum,"quantum: J=0.25, Gamma=0.2",0.5,0.25,0.2,0.024359777981267077,0.12696348572427932,16.133266742472898
7,quantum,"quantum: J=0.25, Gamma=0.2",0.75,0.25,0.2,0.025009866591039164,0.12953193976088553,16.018886249000474
7,quantum,"quantum: J=0.25, Gamma=0.2",1.0,0.25,0.2,0.03333374528110706,0.14884330619205655,14.771158875534784
7,quantum,"quantum: J=0.25, Gamma=0.2",1.5,0.25,0.2,0.04911661746372637,0.18935849704765373,13.087715495912583
7,quantum,"quantum: J=0.25, Gamma=0.2",2.0,0.25,0.2,0.059144283036479735,0.2104032224617539,12.280872284782111
7,quantum,"quantum: J=0.25, Gamma=0.35",0.25,0.25,0.35,0.03230678398960893,0.14119868722831233,14.907062720994093
7,quantum,"quantum: J=0.25, Gamma=0.35",0.5,0.25,0.35,0.022837235461138816,0.12347332102683675,16.413564703316037
7,quantum,"quantum: J=0.25, Gamma=0.35",0.75,0.25,0.35,0.02615554802362289,0.13210969786736904,15.824361759943365
7,quantum,"quantum: J=0.25, Gamma=0.35",1.0,0.25,0.35,0.03441707188483387,0.15184113620959783,14.632260810843574
7,quantum,"quantum: J=0.25, Gamma=0.35",1.5,0.25,0.35,0.04961052457684108,0.19046834798130693,13.044261807521044
7,quantum,"quantum: J=0.25, Gamma=0.35",2.0,0.25,0.35,0.05936216019700387,0.2108304028238287,12.26490303406784
7,classical_ising,"classical_ising: J=0.45, Gamma=0",0.25,0.45,0.0,0.07809111384341,0.24060580811889662,11.073983826187035
7,classical_ising,"classical_ising: J=0.45, Gamma=0",0.5,0.45,0.0,0.05210216640279089,0.18538198179019183,12.831442184045635
7,classical_ising,"classical_ising: J=0.45, Gamma=0",0.75,0.45,0.0,0.027771171398462892,0.13371454297936972,15.56405801158668
7,classical_ising,"classical_ising: J=0.45, Gamma=0",1.0,0.45,0.0,0.02103028735949085,0.11732512275807404,16.771547930393773
7,classical_ising,"classical_ising: J=0.45, Gamma=0",1.5,0.45,0.0,0.030916401542423543,0.1425334060707431,15.098110607179539
7,classical_ising,"classical_ising: J=0.45, Gamma=0",2.0,0.45,0.0,0.04430665490073698,0.1788132779997302,13.535310374427894
7,quantum,"quantum: J=0.45, Gamma=0.2",0.25,0.45,0.2,0.07293420394901476,0.230204565513655,11.370687528535674
7,quantum,"quantum: J=0.45, Gamma=0.2",0.5,0.45,0.2,0.048381802643121856,0.17620537248868778,13.153179544244084
7,quantum,"quantum: J=0.45, Gamma=0.2",0.75,0.45,0.2,0.02666630868709972,0.13133277801000592,15.740370978374973
7,quantum,"quantum: J=0.45, Gamma=0.2",1.0,0.45,0.2,0.021025372866976953,0.1171486064210099,16.77256293621147
7,quantum,"quantum: J=0.45, Gamma=0.2",1.5,0.45,0.2,0.031182240104449713,0.14329803925515328,15.060926886963856
7,quantum,"quantum: J=0.45, Gamma=0.2",2.0,0.45,0.2,0.044467337295206785,0.1791997745018265,13.519588753322775
7,quantum,"quantum: J=0.45, Gamma=0.35",0.25,0.45,0.35,0.0626325628414969,0.20780375444964366,12.03199817180251
7,quantum,"quantum: J=0.45, Gamma=0.35",0.5,0.45,0.35,0.04164341700662189,0.16024245371695156,13.80453642124149
7,quantum,"quantum: J=0.45, Gamma=0.35",0.75,0.45,0.35,0.024775967111394303,0.12735910304846051,16.059693841506824
7,quantum,"quantum: J=0.45, Gamma=0.35",1.0,0.45,0.35,0.021107315625287042,0.11725028059689664,16.755669956480222
7,quantum,"quantum: J=0.45, Gamma=0.35",1.5,0.45,0.35,0.03172873542408635,0.14490647201761053,14.985472367330415
7,quantum,"quantum: J=0.45, Gamma=0.35",2.0,0.45,0.35,0.04479551453747871,0.17998486525259597,13.487654705810442
7,classical_ising,"classical_ising: J=0.7, Gamma=0",0.25,0.7,0.0,0.08213439583731837,0.2470360390632932,10.8547493308645
7,classical_ising,"classical_ising: J=0.7, Gamma=0",0.5,0.7,0.0,0.06749993327096909,0.22009448788387426,11.7069665650326
7,classical_ising,"classical_ising: J=0.7, Gamma=0",0.75,0.7,0.0,0.04803537442552037,0.17712380328711605,13.184388197160688
7,classical_ising,"classical_ising: J=0.7, Gamma=0",1.0,0.7,0.0,0.030287482130565938,0.13887654985250938,15.187368290855193
7,classical_ising,"classical_ising: J=0.7, Gamma=0",1.5,0.7,0.0,0.02061550069490026,0.1141617738802269,16.858061128931027
7,classical_ising,"classical_ising: J=0.7, Gamma=0",2.0,0.7,0.0,0.029699874518291848,0.13949180279876366,15.27245385569271
7,quantum,"quantum: J=0.7, Gamma=0.2",0.25,0.7,0.2,0.079919590730838,0.24274955378004573,10.973467488035178
7,quantum,"quantum: J=0.7, Gamma=0.2",0.5,0.7,0.2,0.06549129944611856,0.2155925472736391,11.838163924284274
7,quantum,"quantum: J=0.7, Gamma=0.2",0.75,0.7,0.2,0.04649244577073624,0.1733586627963765,13.32617606821952
7,quantum,"quantum: J=0.7, Gamma=0.2",1.0,0.7,0.2,0.02954818658691134,0.13729276299621165,15.294691672180559
7,quantum,"quantum: J=0.7, Gamma=0.2",1.5,0.7,0.2,0.020684988734489127,0.11437478370208728,16.843447112949637
7,quantum,"quantum: J=0.7, Gamma=0.2",2.0,0.7,0.2,0.02985706870563065,0.13995318452695685,15.249528324937671
7,quantum,"quantum: J=0.7, Gamma=0.35",0.25,0.7,0.35,0.07529581231720904,0.233578897098646,11.232291770277401
7,quantum,"quantum: J=0.7, Gamma=0.35",0.5,0.7,0.35,0.06141044783138916,0.20637839807873287,12.11757735544196
7,quantum,"quantum: J=0.7, Gamma=0.35",0.75,0.7,0.35,0.043464537755675915,0.16595159317238503,13.618649347257179
7,quantum,"quantum: J=0.7, Gamma=0.35",1.0,0.7,0.35,0.028135683686054538,0.13428713401858475,15.507425271965612
7,quantum,"quantum: J=0.7, Gamma=0.35",1.5,0.7,0.35,0.0208454392164741,0.11489062517473769,16.809889497925894
7,quantum,"quantum: J=0.7, Gamma=0.35",2.0,0.7,0.35,0.030181140376849297,0.1408979504154693,15.202643546858008
7,local_only,"local_only: J=0, Gamma=0",0.25,0.0,0.0,0.07857705047940917,0.2448754174158746,11.047042771856795
7,local_only,"local_only: J=0, Gamma=0",0.5,0.0,0.0,0.07857705047940917,0.2448754174158746,11.047042771856795
7,local_only,"local_only: J=0, Gamma=0",0.75,0.0,0.0,0.07857705047940917,0.2448754174158746,11.047042771856795
7,local_only,"local_only: J=0, Gamma=0",1.0,0.0,0.0,0.07857705047940917,0.2448754174158746,11.047042771856795
7,local_only,"local_only: J=0, Gamma=0",1.5,0.0,0.0,0.07857705047940917,0.2448754174158746,11.047042771856795
7,local_only,"local_only: J=0, Gamma=0",2.0,0.0,0.0,0.07857705047940917,0.2448754174158746,11.047042771856795
7,local_only,"local_only: J=0, Gamma=0.35",0.25,0.0,0.35,0.07857705047940909,0.2448754174158746,11.047042771856798
7,local_only,"local_only: J=0, Gamma=0.35",0.5,0.0,0.35,0.07857705047940915,0.24487541741587465,11.047042771856795
7,local_only,"local_only: J=0, Gamma=0.35",0.75,0.0,0.35,0.07857705047940916,0.24487541741587465,11.047042771856795
7,local_only,"local_only: J=0, Gamma=0.35",1.0,0.0,0.35,0.07857705047940917,0.2448754174158746,11.047042771856795
7,local_only,"local_only: J=0, Gamma=0.35",1.5,0.0,0.35,0.07857705047940917,0.24487541741587457,11.047042771856795
7,local_only,"local_only: J=0, Gamma=0.35",2.0,0.0,0.35,0.07857705047940917,0.2448754174158746,11.047042771856795
11,baseline,mean_fill,,,,0.03338417107903298,0.1565513211712004,14.76459402724528
11,baseline,nearest,,,,0.008539260328236861,0.06153703187436112,20.685797463224084
11,baseline,gaussian,,,,0.004615497276714499,0.04973665094364349,23.357815009439005
11,classical_ising,"classical_ising: J=0.25, Gamma=0",0.25,0.25,0.0,0.08123757247190344,0.24075394581383308,10.902430625913137
11,classical_ising,"classical_ising: J=0.25, Gamma=0",0.5,0.25,0.0,0.03298561329048756,0.14342313345657628,14.816754368162563
11,classical_ising,"classical_ising: J=0.25, Gamma=0",0.75,0.25,0.0,0.025532528306120933,0.1317792563004612,15.929061779481962
11,classical_ising,"classical_ising: J=0.25, Gamma=0",1.0,0.25,0.0,0.03238171946088313,0.14795255461178147,14.897000940462998
11,classical_ising,"classical_ising: J=0.25, Gamma=0",1.5,0.25,0.0,0.04862106133947668,0.1852976372551699,13.131755652613524
11,classical_ising,"classical_ising: J=0.25, Gamma=0",2.0,0.25,0.0,0.059427217570325166,0.20741826051010198,12.260146032794417
11,quantum,"quantum: J=0.25, Gamma=0.2",0.25,0.25,0.2,0.06621171593091664,0.20807843890711517,11.79065156875187
11,quantum,"quantum: J=0.25, Gamma=0.2",0.5,0.25,0.2,0.03045449704295822,0.13869345165408312,15.163485684912931
11,quantum,"quantum: J=0.25, Gamma=0.2",0.75,0.25,0.2,0.02584872708704579,0.13256290222737904,15.875608387473479
11,quantum,"quantum: J=0.25, Gamma=0.2",1.0,0.25,0.2,0.032895777580006814,0.14916420183128226,14.828598434295879
11,quantum,"quantum: J=0.25, Gamma=0.2",1.5,0.25,0.2,0.04887910489330683,0.18585164609341154,13.108767557822159
11,quantum,"quantum: J=0.25, Gamma=0.2",2.0,0.25,0.2,0.059542812583122044,0.2076427665864028,12.251706547332976
11,quantum,"quantum: J=0.25, Gamma=0.35",0.25,0.25,0.35,0.04482232572721978,0.16373726053564477,13.485056126761714
11,quantum,"quantum: J=0.25, Gamma=0.35",0.5,0.25,0.35,0.027150876440758767,0.13347720635131846,15.662161466555508
11,quantum,"quantum: J=0.25, Gamma=0.35",0.75,0.25,0.35,0.026672987243638268,0.13479318573404384,15.739283427361666
11,quantum,"quantum: J=0.25, Gamma=0.35",1.0,0.25,0.35,0.03395143538461381,0.15156542284438937,14.691418600745102
11,quantum,"quantum: J=0.25, Gamma=0.35",1.5,0.25,0.35,0.04940163810797236,0.1869657288875411,13.062586500751785
11,quantum,"quantum: J=0.25, Gamma=0.35",2.0,0.25,0.35,0.05977805661471212,0.20810282483280187,12.23458207985695
11,classical_ising,"classical_ising: J=0.45, Gamma=0",0.25,0.45,0.0,0.09773760006859307,0.2698228728672104,10.099383292096613
11,classical_ising,"classical_ising: J=0.45, Gamma=0",0.5,0.45,0.0,0.0696681417784929,0.22007217052966666,11.569657730180234
11,classical_ising,"classical_ising: J=0.45, Gamma=0",0.75,0.45,0.0,0.03614982700495058,0.147348232744247,14.418937766813489
11,classical_ising,"classical_ising: J=0.45, Gamma=0",1.0,0.45,0.0,0.023216987360836144,0.12145326228938695,16.341941350474215
11,classical_ising,"classical_ising: J=0.45, Gamma=0",1.5,0.45,0.0,0.029779356342149597,0.14129353635049233,15.260846934231186
11,classical_ising,"classical_ising: J=0.45, Gamma=0",2.0,0.45,0.0,0.043424240864406646,0.1744522438015346,13.622677650807711
11,quantum,"quantum: J=0.45, Gamma=0.2",0.25,0.45,0.2,0.0922827716650645,0.2595995507259433,10.348793701461059
11,quantum,"quantum: J=0.45, Gamma=0.2",0.5,0.45,0.2,0.06505389688946837,0.20964512754543632,11.867266830085859
11,quantum,"quantum: J=0.45, Gamma=0.2",0.75,0.45,0.2,0.03448577718086798,0.14415188856650368,14.623599821860127
11,quantum,"quantum: J=0.45, Gamma=0.2",1.0,0.45,0.2,0.023014307325799725,0.12113131726839979,16.380020917719595
11,quantum,"quantum: J=0.45, Gamma=0.2",1.5,0.45,0.2,0.030040184600293136,0.14196380104455372,15.222974028715196
11,quantum,"quantum: J=0.45, Gamma=0.2",2.0,0.45,0.2,0.04359473220174147,0.1748504800481176,13.605659858216052
11,quantum,"quantum: J=0.45, Gamma=0.35",0.25,0.45,0.35,0.08104125884589142,0.2376063690947114,10.912938215276125
11,quantum,"quantum: J=0.45, Gamma=0.35",0.5,0.45,0.35,0.05647295845477845,0.18984791832616896,12.481594602367332
11,quantum,"quantum: J=0.45, Gamma=0.35",0.75,0.45,0.35,0.031528534919188396,0.1385862437132826,15.012962097562239
11,quantum,"quantum: J=0.45, Gamma=0.35",1.0,0.45,0.35,0.022721656703832496,0.12094249270618859,16.43560006099152
11,quantum,"quantum: J=0.45, Gamma=0.35",1.5,0.45,0.35,0.030578711445475706,0.14331514514388408,15.145808192477698
11,quantum,"quantum: J=0.45, Gamma=0.35",2.0,0.45,0.35,0.043943155855108454,0.17565946098370658,13.571087566726058
11,classical_ising,"classical_ising: J=0.7, Gamma=0",0.25,0.7,0.0,0.09959961908710387,0.27208850182507266,10.017423225068757
11,classical_ising,"classical_ising: J=0.7, Gamma=0",0.5,0.7,0.0,0.08706715001558422,0.2531986695230329,10.601456711458944
11,classical_ising,"classical_ising: J=0.7, Gamma=0",0.75,0.7,0.0,0.06340244706728257,0.20962894140291474,11.978939798578791
11,classical_ising,"classical_ising: J=0.7, Gamma=0",1.0,0.7,0.0,0.039229977699172726,0.15427363845927794,14.063819387511415
11,classical_ising,"classical_ising: J=0.7, Gamma=0",1.5,0.7,0.0,0.020978193406437123,0.11418307386571326,16.782319149698264
11,classical_ising,"classical_ising: J=0.7, Gamma=0",2.0,0.7,0.0,0.028140660434720997,0.13698006332161902,15.506657143003766
11,quantum,"quantum: J=0.7, Gamma=0.2",0.25,0.7,0.2,0.09740763971931087,0.2679777496443647,10.114069798993622
11,quantum,"quantum: J=0.7, Gamma=0.2",0.5,0.7,0.2,0.08478036537473874,0.2487775659866684,10.717047161012381
11,quantum,"quantum: J=0.7, Gamma=0.2",0.75,0.7,0.2,0.06148136713082206,0.20512638217897394,12.112564838728343
11,quantum,"quantum: J=0.7, Gamma=0.2",1.0,0.7,0.2,0.03818826805000606,0.15178837348786514,14.180700377089483
11,quantum,"quantum: J=0.7, Gamma=0.2",1.5,0.7,0.2,0.020979678259051115,0.11431506347441606,16.782011763612473
11,quantum,"quantum: J=0.7, Gamma=0.2",2.0,0.7,0.2,0.02829550569685688,0.1373946224431404,15.482825399547739
11,quantum,"quantum: J=0.7, Gamma=0.35",0.25,0.7,0.35,0.09280588819781403,0.25918524908343177,10.324244684934833
11,quantum,"quantum: J=0.7, Gamma=0.35",0.5,0.7,0.35,0.08008360589896414,0.23957986478672347,10.964563802494482
11,quantum,"quantum: J=0.7, Gamma=0.35",0.75,0.7,0.35,0.057669443577072745,0.19592393137148362,12.390542388539318
11,quantum,"quantum: J=0.7, Gamma=0.35",1.0,0.7,0.35,0.03616962215086477,0.14689114364048222,14.4165602811014
11,quantum,"quantum: J=0.7, Gamma=0.35",1.5,0.7,0.35,0.021006245574106686,0.11458301283433035,16.7765156168975
11,quantum,"quantum: J=0.7, Gamma=0.35",2.0,0.7,0.35,0.02861560518915523,0.1382425175523501,15.433970647990549
11,local_only,"local_only: J=0, Gamma=0",0.25,0.0,0.0,0.08072263493260885,0.24433602825016262,10.930046703834428
11,local_only,"local_only: J=0, Gamma=0",0.5,0.0,0.0,0.08072263493260885,0.24433602825016262,10.930046703834428
11,local_only,"local_only: J=0, Gamma=0",0.75,0.0,0.0,0.08072263493260885,0.24433602825016262,10.930046703834428
11,local_only,"local_only: J=0, Gamma=0",1.0,0.0,0.0,0.08072263493260885,0.24433602825016262,10.930046703834428
11,local_only,"local_only: J=0, Gamma=0",1.5,0.0,0.0,0.08072263493260885,0.24433602825016262,10.930046703834428
11,local_only,"local_only: J=0, Gamma=0",2.0,0.0,0.0,0.08072263493260885,0.24433602825016262,10.930046703834428
11,local_only,"local_only: J=0, Gamma=0.35",0.25,0.0,0.35,0.08072263493260885,0.2443360282501626,10.930046703834428
11,local_only,"local_only: J=0, Gamma=0.35",0.5,0.0,0.35,0.08072263493260885,0.24433602825016262,10.930046703834428
11,local_only,"local_only: J=0, Gamma=0.35",0.75,0.0,0.35,0.08072263493260885,0.24433602825016262,10.930046703834428
11,local_only,"local_only: J=0, Gamma=0.35",1.0,0.0,0.35,0.08072263493260887,0.24433602825016262,10.930046703834426
11,local_only,"local_only: J=0, Gamma=0.35",1.5,0.0,0.35,0.08072263493260887,0.24433602825016262,10.930046703834426
11,local_only,"local_only: J=0, Gamma=0.35",2.0,0.0,0.35,0.08072263493260887,0.24433602825016262,10.930046703834426
19,baseline,mean_fill,,,,0.03758970796252644,0.16243595906186786,14.249310483419457
19,baseline,nearest,,,,0.01411743734927126,0.0759180035650624,18.502441309100956
19,baseline,gaussian,,,,0.005744964799230937,0.05603026250845146,22.407126279933806
19,classical_ising,"classical_ising: J=0.25, Gamma=0",0.25,0.25,0.0,0.08175437217904984,0.23468300752190044,10.874890122155591
19,classical_ising,"classical_ising: J=0.25, Gamma=0",0.5,0.25,0.0,0.031254519557950444,0.13898639907523896,15.050871726509456
19,classical_ising,"classical_ising: J=0.25, Gamma=0",0.75,0.25,0.0,0.02403056302502766,0.12552439978990265,16.19236053757141
19,classical_ising,"classical_ising: J=0.25, Gamma=0",1.0,0.25,0.0,0.03109162711728452,0.14344768388082557,15.073565494406534
19,classical_ising,"classical_ising: J=0.25, Gamma=0",1.5,0.25,0.0,0.04737965328029893,0.18372032147834322,13.244081217264638
19,classical_ising,"classical_ising: J=0.25, Gamma=0",2.0,0.25,0.0,0.05807254559052378,0.20637929888151457,12.360291363967272
19,quantum,"quantum: J=0.25, Gamma=0.2",0.25,0.25,0.2,0.06596314257534909,0.2034161061854362,11.806986621448324
19,quantum,"quantum: J=0.25, Gamma=0.2",0.5,0.25,0.2,0.028728658650895293,0.13490823817058833,15.416846508654753
19,quantum,"quantum: J=0.25, Gamma=0.2",0.75,0.25,0.2,0.02436711722956406,0.12624169243198094,16.131958473170286
19,quantum,"quantum: J=0.25, Gamma=0.2",1.0,0.25,0.2,0.03161112174597484,0.1447892702444241,15.00160092599424
19,quantum,"quantum: J=0.25, Gamma=0.2",1.5,0.25,0.2,0.04763565160611706,0.18429373699881438,13.22067889709421
19,quantum,"quantum: J=0.25, Gamma=0.2",2.0,0.25,0.2,0.0581863443558327,0.2066007734617922,12.3517892715031
19,quantum,"quantum: J=0.25, Gamma=0.35",0.25,0.25,0.35,0.043474674944522104,0.15993110857215354,13.617636564863338
19,quantum,"quantum: J=0.25, Gamma=0.35",0.5,0.25,0.35,0.02546797619141774,0.1299622383743441,15.940055648055544
19,quantum,"quantum: J=0.25, Gamma=0.35",0.75,0.25,0.35,0.02522912697758535,0.12823995640511848,15.980977774402998
19,quantum,"quantum: J=0.25, Gamma=0.35",1.0,0.25,0.35,0.0326765058683823,0.14749001380235888,14.85764389202372
19,quantum,"quantum: J=0.25, Gamma=0.35",1.5,0.25,0.35,0.04815391170978177,0.18544770314915204,13.173684278547102
19,quantum,"quantum: J=0.25, Gamma=0.35",2.0,0.25,0.35,0.05841790809979831,0.20705029802994032,12.33453998834233
19,classical_ising,"classical_ising: J=0.45, Gamma=0",0.25,0.45,0.0,0.10075740718560314,0.2694942640960653,9.96723016833645
19,classical_ising,"classical_ising: J=0.45, Gamma=0",0.5,0.45,0.0,0.06914819955477919,0.21368120082160758,11.602191233435924
19,classical_ising,"classical_ising: J=0.45, Gamma=0",0.75,0.45,0.0,0.03437894903030993,0.14390674435945558,14.637074038942703
19,classical_ising,"classical_ising: J=0.45, Gamma=0",1.0,0.45,0.0,0.021825461893386383,0.11798181779434613,16.610365565284045
19,classical_ising,"classical_ising: J=0.45, Gamma=0",1.5,0.45,0.0,0.028770441534668373,0.13817706546793737,15.410534730210884
19,classical_ising,"classical_ising: J=0.45, Gamma=0",2.0,0.45,0.0,0.042303727831965086,0.1732004677887091,13.73621360626916
19,quantum,"quantum: J=0.45, Gamma=0.2",0.25,0.45,0.2,0.09461808162079548,0.25854272165103376,10.240258615077941
19,quantum,"quantum: J=0.45, Gamma=0.2",0.5,0.45,0.2,0.0642539122650136,0.20369591283325883,11.92100424053013
19,quantum,"quantum: J=0.45, Gamma=0.2",0.75,0.45,0.2,0.032720880638690365,0.1404112047093409,14.851750163889456
19,quantum,"quantum: J=0.45, Gamma=0.2",1.0,0.45,0.2,0.021643394942239016,0.1176009520308057,16.646746156062
19,quantum,"quantum: J=0.45, Gamma=0.2",1.5,0.45,0.2,0.029030341124654354,0.1389018148881901,15.37147860906714
19,quantum,"quantum: J=0.45, Gamma=0.2",2.0,0.45,0.2,0.04247201218981472,0.1735960425911027,13.718971630208149
19,quantum,"quantum: J=0.45, Gamma=0.35",0.25,0.45,0.35,0.08212376003969547,0.23500530282248996,10.855311746557048
19,quantum,"quantum: J=0.45, Gamma=0.35",0.5,0.45,0.35,0.05522692902942607,0.1850794783732021,12.5784910565655
19,quantum,"quantum: J=0.45, Gamma=0.35",0.75,0.45,0.35,0.029791294569189396,0.13404841246893923,15.259106242760742
19,quantum,"quantum: J=0.45, Gamma=0.35",1.0,0.45,0.35,0.02139068041681107,0.11709358610734352,16.69775400722227
19,quantum,"quantum: J=0.45, Gamma=0.35",1.5,0.45,0.35,0.02956666980614769,0.14036592723517421,15.291975887731938
19,quantum,"quantum: J=0.45, Gamma=0.35",2.0,0.45,0.35,0.04281590441191751,0.17439969611928915,13.68394877825623
19,classical_ising,"classical_ising: J=0.7, Gamma=0",0.25,0.7,0.0,0.10233167031549881,0.27140559130837694,9.899899370145032
19,classical_ising,"classical_ising: J=0.7, Gamma=0",0.5,0.7,0.0,0.08833899967234055,0.2508037032238189,10.538475228865739
19,classical_ising,"classical_ising: J=0.7, Gamma=0",0.75,0.7,0.0,0.062475172113184714,0.2027135139099478,12.04292538759681
19,classical_ising,"classical_ising: J=0.7, Gamma=0",1.0,0.7,0.0,0.03742527334830682,0.15065720314796383,14.268350189547762
19,classical_ising,"classical_ising: J=0.7, Gamma=0",1.5,0.7,0.0,0.02006082775120634,0.11138873979906008,16.97651151058143
19,classical_ising,"classical_ising: J=0.7, Gamma=0",2.0,0.7,0.0,0.027332560734448938,0.13468235503802903,15.633196781959846
19,quantum,"quantum: J=0.7, Gamma=0.2",0.25,0.7,0.2,0.09998496404660086,0.26718280125610244,10.000653052256688
19,quantum,"quantum: J=0.7, Gamma=0.2",0.5,0.7,0.2,0.08584619646746855,0.24602500729901408,10.662789420847004
19,quantum,"quantum: J=0.7, Gamma=0.2",0.75,0.7,0.2,0.060449139617415056,0.19838370931474086,12.186098761442867
19,quantum,"quantum: J=0.7, Gamma=0.2",1.0,0.7,0.2,0.036388181558817866,0.14830732586260112,14.3903964704371
19,quantum,"quantum: J=0.7, Gamma=0.2",1.5,0.7,0.2,0.020070016840909165,0.11146318518530911,16.97452263092442
19,quantum,"quantum: J=0.7, Gamma=0.2",2.0,0.7,0.2,0.02748466012759937,0.13512813076497676,15.609096291046821
19,quantum,"quantum: J=0.7, Gamma=0.35",0.25,0.7,0.35,0.09507962614501163,0.25821163454276636,10.219125345950742
19,quantum,"quantum: J=0.7, Gamma=0.35",0.5,0.7,0.35,0.08073771757063214,0.23596262559799258,10.92923532117812
19,quantum,"quantum: J=0.7, Gamma=0.35",0.75,0.7,0.35,0.05644552970429733,0.18980826682620858,12.4837044703629
19,quantum,"quantum: J=0.7, Gamma=0.35",1.0,0.7,0.35,0.034385588739284885,0.14377150302226713,14.636235354041514
19,quantum,"quantum: J=0.7, Gamma=0.35",1.5,0.7,0.35,0.0201113970307065,0.11171528459951896,16.965577602509207
19,quantum,"quantum: J=0.7, Gamma=0.35",2.0,0.7,0.35,0.027799050820435788,0.1360357057770543,15.559700325166192
19,local_only,"local_only: J=0, Gamma=0",0.25,0.0,0.0,0.07885505574778932,0.2425311942959002,11.031704568946498
19,local_only,"local_only: J=0, Gamma=0",0.5,0.0,0.0,0.07885505574778932,0.2425311942959002,11.031704568946498
19,local_only,"local_only: J=0, Gamma=0",0.75,0.0,0.0,0.07885505574778932,0.2425311942959002,11.031704568946498
19,local_only,"local_only: J=0, Gamma=0",1.0,0.0,0.0,0.07885505574778932,0.2425311942959002,11.031704568946498
19,local_only,"local_only: J=0, Gamma=0",1.5,0.0,0.0,0.07885505574778932,0.2425311942959002,11.031704568946498
19,local_only,"local_only: J=0, Gamma=0",2.0,0.0,0.0,0.07885505574778932,0.2425311942959002,11.031704568946498
19,local_only,"local_only: J=0, Gamma=0.35",0.25,0.0,0.35,0.0788550557477893,0.24253119429590014,11.031704568946502
19,local_only,"local_only: J=0, Gamma=0.35",0.5,0.0,0.35,0.0788550557477893,0.24253119429590014,11.031704568946502
19,local_only,"local_only: J=0, Gamma=0.35",0.75,0.0,0.35,0.0788550557477893,0.2425311942959002,11.031704568946502
19,local_only,"local_only: J=0, Gamma=0.35",1.0,0.0,0.35,0.0788550557477893,0.24253119429590014,11.031704568946502
19,local_only,"local_only: J=0, Gamma=0.35",1.5,0.0,0.35,0.07885505574778931,0.24253119429590014,11.031704568946498
19,local_only,"local_only: J=0, Gamma=0.35",2.0,0.0,0.35,0.0788550557477893,0.2425311942959002,11.031704568946502
29,baseline,mean_fill,,,,0.03784055617000403,0.16610223373699146,14.220424890834401
29,baseline,nearest,,,,0.010210019870143403,0.06641011544804837,19.909734127137522
29,baseline,gaussian,,,,0.006560585017047058,0.05804444613212552,21.83057432217764
29,classical_ising,"classical_ising: J=0.25, Gamma=0",0.25,0.25,0.0,0.07041216727593835,0.22067359499022196,11.523522879570598
29,classical_ising,"classical_ising: J=0.25, Gamma=0",0.5,0.25,0.0,0.02784432021336124,0.1288580961323863,15.552633804386097
29,classical_ising,"classical_ising: J=0.25, Gamma=0",0.75,0.25,0.0,0.021772638362005804,0.12085768835040973,16.620889408884786
29,classical_ising,"classical_ising: J=0.25, Gamma=0",1.0,0.25,0.0,0.029286505093255696,0.14200741690136204,15.333324517828844
29,classical_ising,"classical_ising: J=0.25, Gamma=0",1.5,0.25,0.0,0.04628871816054389,0.18217728141927245,13.345248456486106
29,classical_ising,"classical_ising: J=0.25, Gamma=0",2.0,0.25,0.0,0.05754874321972472,0.2051078920577139,12.399641562861156
29,quantum,"quantum: J=0.25, Gamma=0.2",0.25,0.25,0.2,0.056981793030592365,0.1923297878332012,12.44263889055117
29,quantum,"quantum: J=0.25, Gamma=0.2",0.5,0.25,0.2,0.0256007759339791,0.12406714256398305,15.91746871456175
29,quantum,"quantum: J=0.25, Gamma=0.2",0.75,0.25,0.2,0.02215679966346685,0.12231340726122492,16.544929690731095
29,quantum,"quantum: J=0.25, Gamma=0.2",1.0,0.25,0.2,0.029832521605900778,0.14339204460292387,15.253100361704808
29,quantum,"quantum: J=0.25, Gamma=0.2",1.5,0.25,0.2,0.046558112216370025,0.182759733470792,13.32004637263549
29,quantum,"quantum: J=0.25, Gamma=0.2",2.0,0.25,0.2,0.0576695624368519,0.20533408234986678,12.390533437509134
29,quantum,"quantum: J=0.25, Gamma=0.35",0.25,0.25,0.35,0.0380143341443019,0.15033550807388338,14.200526121741504
29,quantum,"quantum: J=0.25, Gamma=0.35",0.5,0.25,0.35,0.02273398560268251,0.11933916471737414,16.433244193777632
29,quantum,"quantum: J=0.25, Gamma=0.35",0.75,0.25,0.35,0.023109492623970034,0.12558622201487005,16.362095894853642
29,quantum,"quantum: J=0.25, Gamma=0.35",1.0,0.25,0.35,0.030951116255784457,0.14612689239418436,15.093236834779315
29,quantum,"quantum: J=0.25, Gamma=0.35",1.5,0.25,0.35,0.04710359082197658,0.18393013757139423,13.269459842781707
29,quantum,"quantum: J=0.25, Gamma=0.35",2.0,0.25,0.35,0.05791544049945673,0.2057932100448946,12.372056361042494
29,classical_ising,"classical_ising: J=0.45, Gamma=0",0.25,0.45,0.0,0.08425679972398921,0.24645221917949608,10.743950404454264
29,classical_ising,"classical_ising: J=0.45, Gamma=0",0.5,0.45,0.0,0.0581923768156485,0.1984788021051121,12.351339040741621
29,classical_ising,"classical_ising: J=0.45, Gamma=0",0.75,0.45,0.0,0.030207666428611175,0.13472778600998356,15.198828230988333
29,classical_ising,"classical_ising: J=0.45, Gamma=0",1.0,0.45,0.0,0.01909790677850803,0.10757151055602931,17.190142308863557
29,classical_ising,"classical_ising: J=0.45, Gamma=0",1.5,0.45,0.0,0.02661948880926031,0.1344961438329623,15.748002888105963
29,classical_ising,"classical_ising: J=0.45, Gamma=0",2.0,0.45,0.0,0.04076494270017984,0.17038720823836292,13.897131637904154
29,quantum,"quantum: J=0.45, Gamma=0.2",0.25,0.45,0.2,0.07865356258437856,0.23560767339992403,11.04281601385307
29,quantum,"quantum: J=0.45, Gamma=0.2",0.5,0.45,0.2,0.05430752078502814,0.1898005596893188,12.651400229108896
29,quantum,"quantum: J=0.45, Gamma=0.2",0.75,0.45,0.2,0.028764636903398987,0.13105086394724005,15.411411037120255
29,quantum,"quantum: J=0.45, Gamma=0.2",1.0,0.45,0.2,0.018951432129911554,0.10739932177384795,17.223579655050454
29,quantum,"quantum: J=0.45, Gamma=0.2",1.5,0.45,0.2,0.026892080122369592,0.13522870077564245,15.703756034766938
29,quantum,"quantum: J=0.45, Gamma=0.2",2.0,0.45,0.2,0.0409426223942749,0.17080496374662146,13.878243440162361
29,quantum,"quantum: J=0.45, Gamma=0.35",0.25,0.45,0.35,0.06793401819800912,0.21409289493765737,11.679126967649033
29,quantum,"quantum: J=0.45, Gamma=0.35",0.5,0.45,0.35,0.04709505026431357,0.17365239780475983,13.270247352459725
29,quantum,"quantum: J=0.45, Gamma=0.35",0.75,0.45,0.35,0.02620483996228255,0.12429695434110634,15.816184882685743
29,quantum,"quantum: J=0.45, Gamma=0.35",1.0,0.45,0.35,0.018764701620226695,0.10742099607268515,17.266583369646916
29,quantum,"quantum: J=0.45, Gamma=0.35",1.5,0.45,0.35,0.02745447778929384,0.1367099006239498,15.613868125768946
29,quantum,"quantum: J=0.45, Gamma=0.35",2.0,0.45,0.35,0.04130575834047847,0.17165380108608053,13.839894001312466
29,classical_ising,"classical_ising: J=0.7, Gamma=0",0.25,0.7,0.0,0.08671747386741747,0.25189829708864736,10.618933818829529
29,classical_ising,"classical_ising: J=0.7, Gamma=0",0.5,0.7,0.0,0.07277477712638364,0.22935574346554277,11.380191159191064
29,classical_ising,"classical_ising: J=0.7, Gamma=0",0.75,0.7,0.0,0.05306228789495056,0.19178830891872828,12.752140284070093
29,classical_ising,"classical_ising: J=0.7, Gamma=0",1.0,0.7,0.0,0.03266024876549822,0.14360882389044183,14.859805116669648
29,classical_ising,"classical_ising: J=0.7, Gamma=0",1.5,0.7,0.0,0.01722552405750292,0.10180026220571121,17.63827556542567
29,classical_ising,"classical_ising: J=0.7, Gamma=0",2.0,0.7,0.0,0.02486940204508289,0.12932741354654903,16.043346566939903
29,quantum,"quantum: J=0.7, Gamma=0.2",0.25,0.7,0.2,0.08470197351112482,0.2479739542724128,10.721064707199826
29,quantum,"quantum: J=0.7, Gamma=0.2",0.5,0.7,0.2,0.07075352260607312,0.22516393559650064,11.50251933043311
29,quantum,"quantum: J=0.7, Gamma=0.2",0.75,0.7,0.2,0.051424335776775264,0.18789791192666513,12.88831309168372
29,quantum,"quantum: J=0.7, Gamma=0.2",1.0,0.7,0.2,0.03176335990988417,0.14096209800416953,14.980735643953345
29,quantum,"quantum: J=0.7, Gamma=0.2",1.5,0.7,0.2,0.01724560554935705,0.10206627702090962,17.6332155153567
29,quantum,"quantum: J=0.7, Gamma=0.2",2.0,0.7,0.2,0.025029830941843922,0.1297806144513938,16.0154208372267
29,quantum,"quantum: J=0.7, Gamma=0.35",0.25,0.7,0.35,0.08038667399417157,0.23943507452715165,10.948159399390011
29,quantum,"quantum: J=0.7, Gamma=0.35",0.5,0.7,0.35,0.06663370904962701,0.2163989525086566,11.763060118113541
29,quantum,"quantum: J=0.7, Gamma=0.35",0.75,0.7,0.35,0.04817896545547779,0.1801832553235,13.171425298213016
29,quantum,"quantum: J=0.7, Gamma=0.35",1.0,0.7,0.35,0.030026420796411695,0.13581488642386258,15.224964334024062
29,quantum,"quantum: J=0.7, Gamma=0.35",1.5,0.7,0.35,0.01730867263397657,0.10267134134402099,17.61736235986127
29,quantum,"quantum: J=0.7, Gamma=0.35",2.0,0.7,0.35,0.025361398002993946,0.13070402268942735,15.958268104018295
29,local_only,"local_only: J=0, Gamma=0",0.25,0.0,0.0,0.07981628201949645,0.24297232911856328,10.97908506269155
29,local_only,"local_only: J=0, Gamma=0",0.5,0.0,0.0,0.07981628201949645,0.24297232911856328,10.97908506269155
29,local_only,"local_only: J=0, Gamma=0",0.75,0.0,0.0,0.07981628201949645,0.24297232911856328,10.97908506269155
29,local_only,"local_only: J=0, Gamma=0",1.0,0.0,0.0,0.07981628201949645,0.24297232911856328,10.97908506269155
29,local_only,"local_only: J=0, Gamma=0",1.5,0.0,0.0,0.07981628201949645,0.24297232911856328,10.97908506269155
29,local_only,"local_only: J=0, Gamma=0",2.0,0.0,0.0,0.07981628201949645,0.24297232911856328,10.97908506269155
29,local_only,"local_only: J=0, Gamma=0.35",0.25,0.0,0.35,0.07981628201949649,0.24297232911856334,10.979085062691547
29,local_only,"local_only: J=0, Gamma=0.35",0.5,0.0,0.35,0.07981628201949645,0.24297232911856334,10.97908506269155
29,local_only,"local_only: J=0, Gamma=0.35",0.75,0.0,0.35,0.07981628201949645,0.24297232911856334,10.97908506269155
29,local_only,"local_only: J=0, Gamma=0.35",1.0,0.0,0.35,0.07981628201949645,0.24297232911856334,10.97908506269155
29,local_only,"local_only: J=0, Gamma=0.35",1.5,0.0,0.35,0.07981628201949645,0.24297232911856328,10.97908506269155
29,local_only,"local_only: J=0, Gamma=0.35",2.0,0.0,0.35,0.07981628201949648,0.24297232911856334,10.979085062691547
41,baseline,mean_fill,,,,0.03348568857452809,0.1550208802098399,14.75140766130721
41,baseline,nearest,,,,0.011162230439596523,0.0730960195236893,19.522490158981853
41,baseline,gaussian,,,,0.006688488103534655,0.05742709377574248,21.746720410509944
41,classical_ising,"classical_ising: J=0.25, Gamma=0",0.25,0.25,0.0,0.08104922586239477,0.2422099341400485,10.912511289375612
41,classical_ising,"classical_ising: J=0.25, Gamma=0",0.5,0.25,0.0,0.028491586298910725,0.13507504744492813,15.452833702871981
41,classical_ising,"classical_ising: J=0.25, Gamma=0",0.75,0.25,0.0,0.02266906203122752,0.1284707771833936,16.445664491319498
41,classical_ising,"classical_ising: J=0.25, Gamma=0",1.0,0.25,0.0,0.029463030168605225,0.14264808782598823,15.307225895426093
41,classical_ising,"classical_ising: J=0.25, Gamma=0",1.5,0.25,0.0,0.04395569672319865,0.17536288204888678,13.569848317364537
41,classical_ising,"classical_ising: J=0.25, Gamma=0",2.0,0.25,0.0,0.05341668726719091,0.19547395190239358,12.723230490400283
41,quantum,"quantum: J=0.25, Gamma=0.2",0.25,0.25,0.2,0.06462102867376628,0.20683496562943432,11.896261329202849
41,quantum,"quantum: J=0.25, Gamma=0.2",0.5,0.25,0.2,0.026168273641008093,0.1307382409757387,15.822249274523779
41,quantum,"quantum: J=0.25, Gamma=0.2",0.75,0.25,0.2,0.023018689996170048,0.12941310419951949,16.37919395894032
41,quantum,"quantum: J=0.25, Gamma=0.2",1.0,0.25,0.2,0.029931360618397525,0.1436698416836331,15.238735405727368
41,quantum,"quantum: J=0.25, Gamma=0.2",1.5,0.25,0.2,0.044181708643117566,0.17587950575356212,13.547574926309816
41,quantum,"quantum: J=0.25, Gamma=0.2",2.0,0.25,0.2,0.05351788969803012,0.19567501967156162,12.715010198771889
41,quantum,"quantum: J=0.25, Gamma=0.35",0.25,0.25,0.35,0.041365758619975296,0.1575850317631647,13.833590065971396
41,quantum,"quantum: J=0.25, Gamma=0.35",0.5,0.25,0.35,0.023269198450346775,0.12665012881553775,16.33218576515028
41,quantum,"quantum: J=0.25, Gamma=0.35",0.75,0.25,0.35,0.023878337192809355,0.1313688676834421,16.21995919298563
41,quantum,"quantum: J=0.25, Gamma=0.35",1.0,0.25,0.35,0.030889458470887858,0.14574873874189206,15.10189705332952
41,quantum,"quantum: J=0.25, Gamma=0.35",1.5,0.25,0.35,0.044639340752740835,0.1769171920402868,13.502822278151235
41,quantum,"quantum: J=0.25, Gamma=0.35",2.0,0.25,0.35,0.053723854698468784,0.19608309872771387,12.698328341601473
41,classical_ising,"classical_ising: J=0.45, Gamma=0",0.25,0.45,0.0,0.10155458706976148,0.2787654349226911,9.933004553798652
41,classical_ising,"classical_ising: J=0.45, Gamma=0",0.5,0.45,0.0,0.06592820011627851,0.21525434692455744,11.809287806227225
41,classical_ising,"classical_ising: J=0.45, Gamma=0",0.75,0.45,0.0,0.03143786406606925,0.1387547458913345,15.025469682252249
41,classical_ising,"classical_ising: J=0.45, Gamma=0",1.0,0.45,0.0,0.020511121532974862,0.11827732550720409,16.880105920809
41,classical_ising,"classical_ising: J=0.45, Gamma=0",1.5,0.45,0.0,0.027501721691555136,0.136960999894597,15.606401171611324
41,classical_ising,"classical_ising: J=0.45, Gamma=0",2.0,0.45,0.0,0.03947354305078084,0.16554152215247808,14.036938906213352
41,quantum,"quantum: J=0.45, Gamma=0.2",0.25,0.45,0.2,0.09493184932930669,0.2673534473449162,10.225880587274279
41,quantum,"quantum: J=0.45, Gamma=0.2",0.5,0.45,0.2,0.06106535797920017,0.2044770643679603,12.142050926231265
41,quantum,"quantum: J=0.45, Gamma=0.2",0.75,0.45,0.2,0.02989948248062819,0.1357300415800863,15.243363286572611
41,quantum,"quantum: J=0.45, Gamma=0.2",1.0,0.45,0.2,0.02037672315954225,0.11820316668216652,16.90865654880637
41,quantum,"quantum: J=0.45, Gamma=0.2",1.5,0.45,0.2,0.027732804517692066,0.13751568566018102,15.570062095793432
41,quantum,"quantum: J=0.45, Gamma=0.2",2.0,0.45,0.2,0.0396216084691831,0.16588275098606964,14.020678979264149
41,quantum,"quantum: J=0.45, Gamma=0.35",0.25,0.45,0.35,0.0818624574862232,0.2429979987645711,10.869152221060151
41,quantum,"quantum: J=0.45, Gamma=0.35",0.5,0.45,0.35,0.05210893713874973,0.18343053555119943,12.830877850079375
41,quantum,"quantum: J=0.45, Gamma=0.35",0.75,0.45,0.35,0.027205815267618085,0.13053667555228954,15.653382552047717
41,quantum,"quantum: J=0.45, Gamma=0.35",1.0,0.45,0.35,0.020208998824982692,0.11823506571946862,16.94455201356324
41,quantum,"quantum: J=0.45, Gamma=0.35",1.5,0.45,0.35,0.028209326212630583,0.13865189069489572,15.496072869616548
41,quantum,"quantum: J=0.45, Gamma=0.35",2.0,0.45,0.35,0.039924221853295444,0.16657598517257644,13.987635397633868
41,classical_ising,"classical_ising: J=0.7, Gamma=0",0.25,0.7,0.0,0.10807962565723545,0.28570041427712267,9.662561681984474
41,classical_ising,"classical_ising: J=0.7, Gamma=0",0.5,0.7,0.0,0.08663163197724162,0.25617338811250445,10.623235042315532
41,classical_ising,"classical_ising: J=0.7, Gamma=0",0.75,0.7,0.0,0.058771025858436396,0.20188376323501983,12.308367285340314
41,classical_ising,"classical_ising: J=0.7, Gamma=0",1.0,0.7,0.0,0.03446341784009522,0.14444733877380853,14.62641654471064
41,classical_ising,"classical_ising: J=0.7, Gamma=0",1.5,0.7,0.0,0.01946043988588173,0.11472286296511637,17.10847347117413
41,classical_ising,"classical_ising: J=0.7, Gamma=0",2.0,0.7,0.0,0.02628043257039223,0.13341879665271597,15.80367490657604
41,quantum,"quantum: J=0.7, Gamma=0.2",0.25,0.7,0.2,0.10545594832039076,0.2812937396478157,9.769289185336573
41,quantum,"quantum: J=0.7, Gamma=0.2",0.5,0.7,0.2,0.08405508821548174,0.25132653559808715,10.754359917186061
41,quantum,"quantum: J=0.7, Gamma=0.2",0.75,0.7,0.2,0.05679773655170286,0.19724194669740802,12.45668971026518
41,quantum,"quantum: J=0.7, Gamma=0.2",1.0,0.7,0.2,0.033500144970264156,0.14240761275669392,14.749533135706315
41,quantum,"quantum: J=0.7, Gamma=0.2",1.5,0.7,0.2,0.01947687405933626,0.11487428891935388,17.10480743952141
41,quantum,"quantum: J=0.7, Gamma=0.2",2.0,0.7,0.2,0.02641465521037049,0.13374849826515772,15.78155053771696
41,quantum,"quantum: J=0.7, Gamma=0.35",0.25,0.7,0.35,0.0998879509927054,0.2718422476375577,10.00486895487458
41,quantum,"quantum: J=0.7, Gamma=0.35",0.5,0.7,0.35,0.07879238821894215,0.24120184897883118,11.035157357361152
41,quantum,"quantum: J=0.7, Gamma=0.35",0.75,0.7,0.35,0.0529032804311712,0.18800058210554085,12.765173973601946
41,quantum,"quantum: J=0.7, Gamma=0.35",1.0,0.7,0.35,0.031646106060649104,0.13847902397193132,14.996797207307202
41,quantum,"quantum: J=0.7, Gamma=0.35",1.5,0.7,0.35,0.019530320604232217,0.11527067832926133,17.09290627397958
41,quantum,"quantum: J=0.7, Gamma=0.35",2.0,0.7,0.35,0.02669203766455049,0.1344196891501482,15.736182709973903
41,local_only,"local_only: J=0, Gamma=0",0.25,0.0,0.0,0.07212704588694015,0.22853656484052845,11.419018548787472
41,local_only,"local_only: J=0, Gamma=0",0.5,0.0,0.0,0.07212704588694015,0.22853656484052845,11.419018548787472
41,local_only,"local_only: J=0, Gamma=0",0.75,0.0,0.0,0.07212704588694015,0.22853656484052845,11.419018548787472
41,local_only,"local_only: J=0, Gamma=0",1.0,0.0,0.0,0.07212704588694015,0.22853656484052845,11.419018548787472
41,local_only,"local_only: J=0, Gamma=0",1.5,0.0,0.0,0.07212704588694015,0.22853656484052845,11.419018548787472
41,local_only,"local_only: J=0, Gamma=0",2.0,0.0,0.0,0.07212704588694015,0.22853656484052845,11.419018548787472
41,local_only,"local_only: J=0, Gamma=0.35",0.25,0.0,0.35,0.07212704588694012,0.22853656484052842,11.419018548787472
41,local_only,"local_only: J=0, Gamma=0.35",0.5,0.0,0.35,0.07212704588694015,0.22853656484052848,11.419018548787472
41,local_only,"local_only: J=0, Gamma=0.35",0.75,0.0,0.35,0.07212704588694015,0.22853656484052845,11.419018548787472
41,local_only,"local_only: J=0, Gamma=0.35",1.0,0.0,0.35,0.07212704588694015,0.22853656484052845,11.419018548787472
41,local_only,"local_only: J=0, Gamma=0.35",1.5,0.0,0.35,0.07212704588694015,0.22853656484052848,11.419018548787472
41,local_only,"local_only: J=0, Gamma=0.35",2.0,0.0,0.35,0.07212704588694016,0.22853656484052845,11.41901854878747
