family,label,temperature,J,Gamma,n,mean_psnr_db,std_psnr_db,min_psnr_db,max_psnr_db
baseline,mean_fill,,,,6,14.510932000577824,0.23704982171053746,14.220424890834401,14.76459402724528
baseline,nearest,,,,6,19.471129603789677,0.7861252970914849,18.502441309100956,20.685797463224084
baseline,gaussian,,,,6,22.005629496984103,0.8482170815905409,20.7804167470183,23.357815009439005
classical_ising,"classical_ising: J=0.25, Gamma=0",0.25,0.25,0.0,6,11.149328247664663,0.5957743607696304,10.514069432066119,12.168545136906916
classical_ising,"classical_ising: J=0.25, Gamma=0",0.5,0.25,0.0,6,15.28900292201451,0.40692646314417863,14.816754368162563,15.884255685022733
classical_ising,"classical_ising: J=0.25, Gamma=0",0.75,0.25,0.0,6,16.31362859775948,0.27979273907087243,15.929061779481962,16.620889408884786
classical_ising,"classical_ising: J=0.25, Gamma=0",1.0,0.25,0.0,6,15.17932684936182,0.29764500210165834,14.841041433976567,15.623802814069872
classical_ising,"classical_ising: J=0.25, Gamma=0",1.5,0.25,0.0,6,13.366081609768793,0.26931849832794813,13.109352545659457,13.796203469224505
classical_ising,"classical_ising: J=0.25, Gamma=0",2.0,0.25,0.0,6,12.484569452839589,0.25339771186198384,12.260146032794417,12.875364832355213
quantum,"quantum: J=0.25, Gamma=0.2",0.25,0.25,0.2,6,12.088445658397895,0.6163836720519432,11.436164287420226,13.157971253012938
quantum,"quantum: J=0.25, Gamma=0.2",0.5,0.25,0.2,6,15.641242828936482,0.37170337261042846,15.163485684912931,16.133266742472898
quantum,"quantum: J=0.25, Gamma=0.2",0.75,0.25,0.2,6,16.249843301561366,0.28294276199657686,15.875608387473479,16.54848305005256
quantum,"quantum: J=0.25, Gamma=0.2",1.0,0.25,0.2,6,15.107930207060667,0.2967340021928472,14.771158875534784,15.554387239106916
quantum,"quantum: J=0.25, Gamma=0.2",1.5,0.25,0.2,6,13.342794308556499,0.2688497927420163,13.087715495912583,13.771982601564734
quantum,"quantum: J=0.25, Gamma=0.2",2.0,0.25,0.2,6,12.476049077582765,0.2532349697981496,12.251706547332976,12.866382725597383
quantum,"quantum: J=0.25, Gamma=0.35",0.25,0.25,0.35,6,13.88873370864625,0.5888874712229999,13.288530651545445,14.907062720994093
quantum,"quantum: J=0.25, Gamma=0.35",0.5,0.25,0.35,6,16.13579038038448,0.308966667527565,15.662161466555508,16.433244193777632
quantum,"quantum: J=0.25, Gamma=0.35",0.75,0.25,0.35,6,16.093746215943085,0.28839906942398486,15.739283427361666,16.435799246111216
quantum,"quantum: J=0.25, Gamma=0.35",1.0,0.25,0.35,6,14.965167854590426,0.29474326071652746,14.632260810843574,15.414549935821322
quantum,"quantum: J=0.25, Gamma=0.35",1.5,0.25,0.35,6,13.29602031547538,0.26791281326003175,13.044261807521044,13.723307185099413
quantum,"quantum: J=0.25, Gamma=0.35",2.0,0.25,0.35,6,12.458760853373361,0.25290555443419316,12.23458207985695,12.848155315329077
classical_ising,"classical_ising: J=0.45, Gamma=0",0.25,0.45,0.0,6,10.254735406564043,0.5322788398198689,9.710860194511245,11.073983826187035
classical_ising,"classical_ising: J=0.45, Gamma=0",0.5,0.45,0.0,6,11.935484889554795,0.5428056733913813,11.448991342698145,12.831442184045635
classical_ising,"classical_ising: J=0.45, Gamma=0",0.75,0.45,0.0,6,14.899064985044264,0.44023724466371195,14.418937766813489,15.56405801158668
classical_ising,"classical_ising: J=0.45, Gamma=0",1.0,0.45,0.0,6,16.767018676794994,0.28240183532409424,16.341941350474215,17.190142308863557
classical_ising,"classical_ising: J=0.45, Gamma=0",1.5,0.45,0.0,6,15.517976255300546,0.32613479369210846,15.098110607179539,15.983961200464387
classical_ising,"classical_ising: J=0.45, Gamma=0",2.0,0.45,0.0,6,13.856937015124243,0.2881750547853565,13.535310374427894,14.313349915123187
quantum,"quantum: J=0.45, Gamma=0.2",0.25,0.45,0.2,6,10.534547152030163,0.544546848889482,9.978846465978954,11.370687528535674
quantum,"quantum: J=0.45, Gamma=0.2",0.5,0.45,0.2,6,12.249146170045021,0.544674435987104,11.759975250069893,13.153179544244084
quantum,"quantum: J=0.45, Gamma=0.2",0.75,0.45,0.2,6,15.107840072171763,0.4290557561618249,14.623599821860127,15.740370978374973
quantum,"quantum: J=0.45, Gamma=0.2",1.0,0.45,0.2,6,16.799125844017535,0.2813667280898261,16.380020917719595,17.223579655050454
quantum,"quantum: J=0.45, Gamma=0.2",1.5,0.45,0.2,6,15.47924139257595,0.3252770274539083,15.060926886963856,15.94625070014914
quantum,"quantum: J=0.45, Gamma=0.2",2.0,0.45,0.2,6,13.83978479013377,0.28770615725888643,13.519588753322775,14.295566079629136
quantum,"quantum: J=0.45, Gamma=0.35",0.25,0.45,0.35,6,11.1536719010884,0.5678164665084595,10.573504084185519,12.03199817180251
quantum,"quantum: J=0.45, Gamma=0.35",0.5,0.45,0.35,6,12.895380179785937,0.5444004089816792,12.406533796002206,13.80453642124149
quantum,"quantum: J=0.45, Gamma=0.35",0.75,0.45,0.35,6,15.502431161755469,0.40352890503353267,15.012962097562239,16.059693841506824
quantum,"quantum: J=0.45, Gamma=0.35",1.0,0.45,0.35,6,16.84203817560742,0.2815400379016829,16.43560006099152,17.266583369646916
quantum,"quantum: J=0.45, Gamma=0.35",1.5,0.45,0.35,6,15.400397805728408,0.3234882220835054,14.985472367330415,15.869189391444898
quantum,"quantum: J=0.45, Gamma=0.35",2.0,0.45,0.35,6,13.804940436736585,0.2867574683197474,13.487654705810442,14.259422170680438
classical_ising,"classical_ising: J=0.7, Gamma=0",0.25,0.7,0.0,6,10.11464725969853,0.5084731145160822,9.634316131298903,10.8547493308645
classical_ising,"classical_ising: J=0.7, Gamma=0",0.5,0.7,0.0,6,10.884677744650979,0.5239063665192093,10.45774176104199,11.7069665650326
classical_ising,"classical_ising: J=0.7, Gamma=0",0.75,0.7,0.0,6,12.373333746154591,0.4960472582462729,11.973241524180844,13.184388197160688
classical_ising,"classical_ising: J=0.7, Gamma=0",1.0,0.7,0.0,6,14.53744648857331,0.43183887246899755,14.063819387511415,15.187368290855193
classical_ising,"classical_ising: J=0.7, Gamma=0",1.5,0.7,0.0,6,17.114056508316736,0.3200123512021345,16.782319149698264,17.63827556542567
classical_ising,"classical_ising: J=0.7, Gamma=0",2.0,0.7,0.0,6,15.748907706352275,0.35332827715250475,15.27245385569271,16.234116983941387
quantum,"quantum: J=0.7, Gamma=0.2",0.25,0.7,0.2,6,10.219181264605673,0.5128313427619093,9.736543355812154,10.973467488035178
quantum,"quantum: J=0.7, Gamma=0.2",0.5,0.7,0.2,6,11.008991699944106,0.5264700107328496,10.579070445901815,11.838163924284274
quantum,"quantum: J=0.7, Gamma=0.2",0.75,0.7,0.2,6,12.513926277995816,0.4963712374928467,12.112564838728343,13.32617606821952
quantum,"quantum: J=0.7, Gamma=0.2",1.0,0.7,0.2,6,14.656680727129293,0.42799720497346333,14.180700377089483,15.294691672180559
quantum,"quantum: J=0.7, Gamma=0.2",1.5,0.7,0.2,6,17.110888076790406,0.3218655833474663,16.782011763612473,17.6332155153567
quantum,"quantum: J=0.7, Gamma=0.2",2.0,0.7,0.2,6,15.724848900321783,0.3525832986331897,15.249528324937671,16.210672011454804
quantum,"quantum: J=0.7, Gamma=0.35",0.25,0.7,0.35,6,10.447581420973547,0.5235675894873274,9.956798370413706,11.232291770277401
quantum,"quantum: J=0.7, Gamma=0.35",0.5,0.7,0.35,6,11.274696502287602,0.5314216905266267,10.838585059136355,12.11757735544196
quantum,"quantum: J=0.7, Gamma=0.35",0.75,0.7,0.35,6,12.80599446393857,0.49632730881288517,12.390542388539318,13.618649347257179
quantum,"quantum: J=0.7, Gamma=0.35",1.0,0.7,0.35,6,14.896568406481485,0.41921400143082965,14.4165602811014,15.507425271965612
quantum,"quantum: J=0.7, Gamma=0.35",1.5,0.7,0.35,6,17.09965264398477,0.3256153563478329,16.7765156168975,17.61736235986127
quantum,"quantum: J=0.7, Gamma=0.35",2.0,0.7,0.35,6,15.675545026430806,0.35104219028187844,15.202643546858008,16.162504824577894
local_only,"local_only: J=0, Gamma=0",0.25,0.0,0.0,6,11.143245339508736,0.23057920595080703,10.930046703834428,11.452574380935667
local_only,"local_only: J=0, Gamma=0",0.5,0.0,0.0,6,11.143245339508736,0.23057920595080703,10.930046703834428,11.452574380935667
local_only,"local_only: J=0, Gamma=0",0.75,0.0,0.0,6,11.143245339508736,0.23057920595080703,10.930046703834428,11.452574380935667
local_only,"local_only: J=0, Gamma=0",1.0,0.0,0.0,6,11.143245339508736,0.23057920595080703,10.930046703834428,11.452574380935667
local_only,"local_only: J=0, Gamma=0",1.5,0.0,0.0,6,11.143245339508736,0.23057920595080703,10.930046703834428,11.452574380935667
local_only,"local_only: J=0, Gamma=0",2.0,0.0,0.0,6,11.143245339508736,0.23057920595080703,10.930046703834428,11.452574380935667
local_only,"local_only: J=0, Gamma=0.35",0.25,0.0,0.35,6,11.143245339508736,0.23057920595080708,10.930046703834428,11.452574380935669
local_only,"local_only: J=0, Gamma=0.35",0.5,0.0,0.35,6,11.143245339508736,0.23057920595080714,10.930046703834428,11.452574380935669
local_only,"local_only: J=0, Gamma=0.35",0.75,0.0,0.35,6,11.143245339508736,0.23057920595080666,10.930046703834428,11.452574380935667
local_only,"local_only: J=0, Gamma=0.35",1.0,0.0,0.35,6,11.143245339508736,0.230579205950807,10.930046703834426,11.452574380935667
local_only,"local_only: J=0, Gamma=0.35",1.5,0.0,0.35,6,11.143245339508736,0.23057920595080733,10.930046703834426,11.452574380935667
local_only,"local_only: J=0, Gamma=0.35",2.0,0.0,0.35,6,11.143245339508733,0.23057920595080683,10.930046703834426,11.452574380935667
